2026-09-26T13:23:03+00:00
MemAvailable_GiB=59.75 SwapUsed_GiB=0.06
VM=pswpin=3313 pswpout=16743 pgmajfault=129248
GPU=22672, 0, 18.07, 43
NAME                                        ID              SIZE     PROCESSOR          CONTEXT    UNTIL               
qwen3.8-flash-next:125b-a6b-q8_0-ab-262k    64a2f0455da7    74 GB    73%/27% CPU/GPU    262144     24 minutes from now    

2026-09-26T13:23:33+00:00
MemAvailable_GiB=59.71 SwapUsed_GiB=0.06
VM=pswpin=3316 pswpout=17044 pgmajfault=129320
GPU=22672, 0, 18.30, 42
NAME                                        ID              SIZE     PROCESSOR          CONTEXT    UNTIL               
qwen3.8-flash-next:125b-a6b-q8_0-ab-262k    64a2f0455da7    74 GB    73%/27% CPU/GPU    262144     23 minutes from now    

2026-09-26T13:24:03+00:00
MemAvailable_GiB=59.71 SwapUsed_GiB=0.06
VM=pswpin=3316 pswpout=17044 pgmajfault=129322
GPU=22672, 0, 18.26, 42
NAME                                        ID              SIZE     PROCESSOR          CONTEXT    UNTIL               
qwen3.8-flash-next:125b-a6b-q8_0-ab-262k    64a2f0455da7    74 GB    73%/27% CPU/GPU    262144     23 minutes from now    

2026-09-26T13:24:33+00:00
MemAvailable_GiB=59.71 SwapUsed_GiB=0.06
VM=pswpin=3320 pswpout=17044 pgmajfault=129324
GPU=22672, 0, 18.26, 42
NAME                                        ID              SIZE     PROCESSOR          CONTEXT    UNTIL               
qwen3.8-flash-next:125b-a6b-q8_0-ab-262k    64a2f0455da7    74 GB    73%/27% CPU/GPU    262144     22 minutes from now    

2026-09-26T13:25:03+00:00
MemAvailable_GiB=59.59 SwapUsed_GiB=0.08
VM=pswpin=3326 pswpout=20304 pgmajfault=135387
GPU=22676, 14, 113.57, 48
NAME                                        ID              SIZE     PROCESSOR          CONTEXT    UNTIL               
qwen3.8-flash-next:125b-a6b-q8_0-ab-262k    64a2f0455da7    74 GB    73%/27% CPU/GPU    262144     22 minutes from now    

2026-09-26T13:25:33+00:00
MemAvailable_GiB=60.40 SwapUsed_GiB=0.86
VM=pswpin=5577 pswpout=227482 pgmajfault=144310
GPU=22676, 11, 114.62, 52
NAME                                        ID              SIZE     PROCESSOR          CONTEXT    UNTIL               
qwen3.8-flash-next:125b-a6b-q8_0-ab-262k    64a2f0455da7    74 GB    73%/27% CPU/GPU    262144     21 minutes from now    

2026-09-26T13:26:03+00:00
MemAvailable_GiB=60.59 SwapUsed_GiB=1.09
VM=pswpin=6804 pswpout=287030 pgmajfault=151786
GPU=22676, 16, 115.69, 56
NAME                                        ID              SIZE     PROCESSOR          CONTEXT    UNTIL               
qwen3.8-flash-next:125b-a6b-q8_0-ab-262k    64a2f0455da7    74 GB    73%/27% CPU/GPU    262144     21 minutes from now    

2026-09-26T13:26:33+00:00
MemAvailable_GiB=60.55 SwapUsed_GiB=1.09
VM=pswpin=16154 pswpout=290686 pgmajfault=167380
GPU=22676, 14, 117.69, 58
NAME                                        ID              SIZE     PROCESSOR          CONTEXT    UNTIL               
qwen3.8-flash-next:125b-a6b-q8_0-ab-262k    64a2f0455da7    74 GB    73%/27% CPU/GPU    262144     20 minutes from now    

2026-09-26T13:27:04+00:00
MemAvailable_GiB=60.55 SwapUsed_GiB=1.09
VM=pswpin=19204 pswpout=291996 pgmajfault=175280
GPU=22676, 11, 118.90, 58
NAME                                        ID              SIZE     PROCESSOR          CONTEXT    UNTIL               
qwen3.8-flash-next:125b-a6b-q8_0-ab-262k    64a2f0455da7    74 GB    73%/27% CPU/GPU    262144     20 minutes from now    

2026-09-26T13:27:34+00:00
MemAvailable_GiB=60.54 SwapUsed_GiB=1.08
VM=pswpin=23585 pswpout=293100 pgmajfault=187125
GPU=22676, 11, 116.84, 55
NAME                                        ID              SIZE     PROCESSOR          CONTEXT    UNTIL               
qwen3.8-flash-next:125b-a6b-q8_0-ab-262k    64a2f0455da7    74 GB    73%/27% CPU/GPU    262144     19 minutes from now    

2026-09-26T13:28:04+00:00
MemAvailable_GiB=60.57 SwapUsed_GiB=1.09
VM=pswpin=24155 pswpout=297179 pgmajfault=192493
GPU=22676, 12, 114.98, 53
NAME                                        ID              SIZE     PROCESSOR          CONTEXT    UNTIL               
qwen3.8-flash-next:125b-a6b-q8_0-ab-262k    64a2f0455da7    74 GB    73%/27% CPU/GPU    262144     19 minutes from now    

2026-09-26T13:28:34+00:00
MemAvailable_GiB=60.53 SwapUsed_GiB=1.09
VM=pswpin=32106 pswpout=298888 pgmajfault=204610
GPU=22676, 11, 115.07, 52
NAME                                        ID              SIZE     PROCESSOR          CONTEXT    UNTIL               
qwen3.8-flash-next:125b-a6b-q8_0-ab-262k    64a2f0455da7    74 GB    73%/27% CPU/GPU    262144     18 minutes from now    

2026-09-26T13:29:04+00:00
MemAvailable_GiB=60.53 SwapUsed_GiB=1.08
VM=pswpin=35735 pswpout=299396 pgmajfault=212065
GPU=22676, 11, 115.67, 52
NAME                                        ID              SIZE     PROCESSOR          CONTEXT    UNTIL               
qwen3.8-flash-next:125b-a6b-q8_0-ab-262k    64a2f0455da7    74 GB    73%/27% CPU/GPU    262144     18 minutes from now    

2026-09-26T13:29:34+00:00
MemAvailable_GiB=60.51 SwapUsed_GiB=1.08
VM=pswpin=42089 pswpout=303836 pgmajfault=223084
GPU=22676, 15, 115.47, 52
NAME                                        ID              SIZE     PROCESSOR          CONTEXT    UNTIL               
qwen3.8-flash-next:125b-a6b-q8_0-ab-262k    64a2f0455da7    74 GB    73%/27% CPU/GPU    262144     17 minutes from now    

2026-09-26T13:30:04+00:00
MemAvailable_GiB=60.54 SwapUsed_GiB=1.08
VM=pswpin=43078 pswpout=305416 pgmajfault=229447
GPU=22676, 10, 115.23, 51
NAME                                        ID              SIZE     PROCESSOR          CONTEXT    UNTIL               
qwen3.8-flash-next:125b-a6b-q8_0-ab-262k    64a2f0455da7    74 GB    73%/27% CPU/GPU    262144     17 minutes from now    

2026-09-26T13:30:34+00:00
MemAvailable_GiB=60.54 SwapUsed_GiB=1.09
VM=pswpin=49564 pswpout=308574 pgmajfault=239192
GPU=22676, 8, 115.12, 51
NAME                                        ID              SIZE     PROCESSOR          CONTEXT    UNTIL               
qwen3.8-flash-next:125b-a6b-q8_0-ab-262k    64a2f0455da7    74 GB    73%/27% CPU/GPU    262144     16 minutes from now    

2026-09-26T13:31:04+00:00
MemAvailable_GiB=60.52 SwapUsed_GiB=1.08
VM=pswpin=54982 pswpout=310020 pgmajfault=249601
GPU=22676, 11, 114.94, 51
NAME                                        ID              SIZE     PROCESSOR          CONTEXT    UNTIL               
qwen3.8-flash-next:125b-a6b-q8_0-ab-262k    64a2f0455da7    74 GB    73%/27% CPU/GPU    262144     16 minutes from now    

2026-09-26T13:31:35+00:00
MemAvailable_GiB=60.55 SwapUsed_GiB=1.09
VM=pswpin=57756 pswpout=313546 pgmajfault=257648
GPU=22676, 11, 114.14, 51
NAME                                        ID              SIZE     PROCESSOR          CONTEXT    UNTIL               
qwen3.8-flash-next:125b-a6b-q8_0-ab-262k    64a2f0455da7    74 GB    73%/27% CPU/GPU    262144     15 minutes from now    

2026-09-26T13:32:05+00:00
MemAvailable_GiB=60.55 SwapUsed_GiB=1.08
VM=pswpin=62405 pswpout=315975 pgmajfault=267409
GPU=22676, 14, 114.29, 51
NAME                                        ID              SIZE     PROCESSOR          CONTEXT    UNTIL               
qwen3.8-flash-next:125b-a6b-q8_0-ab-262k    64a2f0455da7    74 GB    73%/27% CPU/GPU    262144     15 minutes from now    

2026-09-26T13:32:35+00:00
MemAvailable_GiB=60.55 SwapUsed_GiB=1.09
VM=pswpin=65384 pswpout=318968 pgmajfault=275160
GPU=22676, 12, 115.49, 51
NAME                                        ID              SIZE     PROCESSOR          CONTEXT    UNTIL               
qwen3.8-flash-next:125b-a6b-q8_0-ab-262k    64a2f0455da7    74 GB    73%/27% CPU/GPU    262144     14 minutes from now    

2026-09-26T13:33:05+00:00
MemAvailable_GiB=60.53 SwapUsed_GiB=1.08
VM=pswpin=73394 pswpout=320412 pgmajfault=286600
GPU=22676, 13, 115.67, 51
NAME                                        ID              SIZE     PROCESSOR          CONTEXT    UNTIL               
qwen3.8-flash-next:125b-a6b-q8_0-ab-262k    64a2f0455da7    74 GB    73%/27% CPU/GPU    262144     14 minutes from now    

2026-09-26T13:33:35+00:00
MemAvailable_GiB=60.56 SwapUsed_GiB=1.09
VM=pswpin=75593 pswpout=323200 pgmajfault=293639
GPU=22676, 10, 114.02, 52
NAME                                        ID              SIZE     PROCESSOR          CONTEXT    UNTIL               
qwen3.8-flash-next:125b-a6b-q8_0-ab-262k    64a2f0455da7    74 GB    73%/27% CPU/GPU    262144     13 minutes from now    

2026-09-26T13:34:05+00:00
MemAvailable_GiB=60.55 SwapUsed_GiB=1.08
VM=pswpin=80433 pswpout=325987 pgmajfault=304784
GPU=22676, 10, 114.11, 51
NAME                                        ID              SIZE     PROCESSOR          CONTEXT    UNTIL               
qwen3.8-flash-next:125b-a6b-q8_0-ab-262k    64a2f0455da7    74 GB    73%/27% CPU/GPU    262144     13 minutes from now    

2026-09-26T13:34:36+00:00
MemAvailable_GiB=60.53 SwapUsed_GiB=1.09
VM=pswpin=83114 pswpout=328000 pgmajfault=310713
GPU=22676, 11, 115.46, 51
NAME                                        ID              SIZE     PROCESSOR          CONTEXT    UNTIL               
qwen3.8-flash-next:125b-a6b-q8_0-ab-262k    64a2f0455da7    74 GB    73%/27% CPU/GPU    262144     12 minutes from now    

2026-09-26T13:35:06+00:00
MemAvailable_GiB=60.53 SwapUsed_GiB=1.09
VM=pswpin=90149 pswpout=330152 pgmajfault=323114
GPU=22676, 0, 113.73, 51
NAME                                        ID              SIZE     PROCESSOR          CONTEXT    UNTIL               
qwen3.8-flash-next:125b-a6b-q8_0-ab-262k    64a2f0455da7    74 GB    73%/27% CPU/GPU    262144     12 minutes from now    

2026-09-26T13:35:36+00:00
MemAvailable_GiB=60.53 SwapUsed_GiB=1.09
VM=pswpin=92863 pswpout=333312 pgmajfault=333244
GPU=22676, 13, 114.57, 51
NAME                                        ID              SIZE     PROCESSOR          CONTEXT    UNTIL               
qwen3.8-flash-next:125b-a6b-q8_0-ab-262k    64a2f0455da7    74 GB    73%/27% CPU/GPU    262144     11 minutes from now    

2026-09-26T13:36:06+00:00
MemAvailable_GiB=60.55 SwapUsed_GiB=1.09
VM=pswpin=94000 pswpout=335515 pgmajfault=339299
GPU=22676, 11, 115.24, 51
NAME                                        ID              SIZE     PROCESSOR          CONTEXT    UNTIL               
qwen3.8-flash-next:125b-a6b-q8_0-ab-262k    64a2f0455da7    74 GB    73%/27% CPU/GPU    262144     11 minutes from now    

2026-09-26T13:36:36+00:00
MemAvailable_GiB=60.50 SwapUsed_GiB=1.08
VM=pswpin=100736 pswpout=335935 pgmajfault=355577
GPU=22676, 11, 115.15, 51
NAME                                        ID              SIZE     PROCESSOR          CONTEXT    UNTIL               
qwen3.8-flash-next:125b-a6b-q8_0-ab-262k    64a2f0455da7    74 GB    73%/27% CPU/GPU    262144     10 minutes from now    

2026-09-26T13:37:07+00:00
MemAvailable_GiB=60.51 SwapUsed_GiB=1.09
VM=pswpin=104492 pswpout=338599 pgmajfault=363619
GPU=22676, 10, 114.92, 51
NAME                                        ID              SIZE     PROCESSOR          CONTEXT    UNTIL               
qwen3.8-flash-next:125b-a6b-q8_0-ab-262k    64a2f0455da7    74 GB    73%/27% CPU/GPU    262144     10 minutes from now    

2026-09-26T13:37:37+00:00
MemAvailable_GiB=60.51 SwapUsed_GiB=1.09
VM=pswpin=110307 pswpout=340704 pgmajfault=379272
GPU=22676, 9, 114.42, 51
NAME                                        ID              SIZE     PROCESSOR          CONTEXT    UNTIL              
qwen3.8-flash-next:125b-a6b-q8_0-ab-262k    64a2f0455da7    74 GB    73%/27% CPU/GPU    262144     9 minutes from now    

2026-09-26T13:38:07+00:00
MemAvailable_GiB=60.39 SwapUsed_GiB=1.09
VM=pswpin=112752 pswpout=342420 pgmajfault=396272
GPU=22676, 16, 116.64, 51
NAME                                        ID              SIZE     PROCESSOR          CONTEXT    UNTIL              
qwen3.8-flash-next:125b-a6b-q8_0-ab-262k    64a2f0455da7    74 GB    73%/27% CPU/GPU    262144     9 minutes from now    

2026-09-26T13:38:37+00:00
MemAvailable_GiB=60.45 SwapUsed_GiB=1.13
VM=pswpin=116402 pswpout=355634 pgmajfault=407937
GPU=22676, 17, 116.30, 52
NAME                                        ID              SIZE     PROCESSOR          CONTEXT    UNTIL              
qwen3.8-flash-next:125b-a6b-q8_0-ab-262k    64a2f0455da7    74 GB    73%/27% CPU/GPU    262144     8 minutes from now    

2026-09-26T13:39:07+00:00
MemAvailable_GiB=60.30 SwapUsed_GiB=1.11
VM=pswpin=134867 pswpout=363161 pgmajfault=506483
GPU=22676, 7, 127.59, 53
NAME                                        ID              SIZE     PROCESSOR          CONTEXT    UNTIL              
qwen3.8-flash-next:125b-a6b-q8_0-ab-262k    64a2f0455da7    74 GB    73%/27% CPU/GPU    262144     8 minutes from now    

2026-09-26T13:39:37+00:00
MemAvailable_GiB=60.34 SwapUsed_GiB=1.19
VM=pswpin=145851 pswpout=385757 pgmajfault=541180
GPU=22676, 15, 116.31, 52
NAME                                        ID              SIZE     PROCESSOR          CONTEXT    UNTIL               
qwen3.8-flash-next:125b-a6b-q8_0-ab-262k    64a2f0455da7    74 GB    73%/27% CPU/GPU    262144     29 minutes from now    

2026-09-26T13:40:07+00:00
MemAvailable_GiB=60.47 SwapUsed_GiB=1.30
VM=pswpin=149825 pswpout=419105 pgmajfault=553780
GPU=22676, 10, 116.38, 52
NAME                                        ID              SIZE     PROCESSOR          CONTEXT    UNTIL               
qwen3.8-flash-next:125b-a6b-q8_0-ab-262k    64a2f0455da7    74 GB    73%/27% CPU/GPU    262144     29 minutes from now    

2026-09-26T13:40:38+00:00
MemAvailable_GiB=60.36 SwapUsed_GiB=1.31
VM=pswpin=155518 pswpout=424195 pgmajfault=571217
GPU=22676, 12, 115.28, 52
NAME                                        ID              SIZE     PROCESSOR          CONTEXT    UNTIL               
qwen3.8-flash-next:125b-a6b-q8_0-ab-262k    64a2f0455da7    74 GB    73%/27% CPU/GPU    262144     28 minutes from now    

2026-09-26T13:41:08+00:00
MemAvailable_GiB=60.38 SwapUsed_GiB=1.31
VM=pswpin=159151 pswpout=424767 pgmajfault=582648
GPU=22676, 18, 115.57, 52
NAME                                        ID              SIZE     PROCESSOR          CONTEXT    UNTIL               
qwen3.8-flash-next:125b-a6b-q8_0-ab-262k    64a2f0455da7    74 GB    73%/27% CPU/GPU    262144     28 minutes from now    

2026-09-26T13:41:38+00:00
MemAvailable_GiB=60.33 SwapUsed_GiB=1.35
VM=pswpin=175480 pswpout=449642 pgmajfault=624685
GPU=22676, 4, 121.84, 52
NAME                                        ID              SIZE     PROCESSOR          CONTEXT    UNTIL               
qwen3.8-flash-next:125b-a6b-q8_0-ab-262k    64a2f0455da7    74 GB    73%/27% CPU/GPU    262144     27 minutes from now    

2026-09-26T13:42:08+00:00
MemAvailable_GiB=60.25 SwapUsed_GiB=1.43
VM=pswpin=185526 pswpout=470107 pgmajfault=709170
GPU=22676, 15, 115.90, 52
NAME                                        ID              SIZE     PROCESSOR          CONTEXT    UNTIL               
qwen3.8-flash-next:125b-a6b-q8_0-ab-262k    64a2f0455da7    74 GB    73%/27% CPU/GPU    262144     29 minutes from now    

2026-09-26T13:42:38+00:00
MemAvailable_GiB=60.24 SwapUsed_GiB=1.44
VM=pswpin=190700 pswpout=473763 pgmajfault=721627
GPU=22676, 9, 115.64, 52
NAME                                        ID              SIZE     PROCESSOR          CONTEXT    UNTIL               
qwen3.8-flash-next:125b-a6b-q8_0-ab-262k    64a2f0455da7    74 GB    73%/27% CPU/GPU    262144     29 minutes from now    

2026-09-26T13:43:08+00:00
MemAvailable_GiB=60.34 SwapUsed_GiB=1.64
VM=pswpin=212602 pswpout=534939 pgmajfault=817346
GPU=22676, 11, 116.16, 52
NAME                                        ID              SIZE     PROCESSOR          CONTEXT    UNTIL               
qwen3.8-flash-next:125b-a6b-q8_0-ab-262k    64a2f0455da7    74 GB    73%/27% CPU/GPU    262144     29 minutes from now    

2026-09-26T13:43:38+00:00
MemAvailable_GiB=60.23 SwapUsed_GiB=1.65
VM=pswpin=212978 pswpout=538114 pgmajfault=835997
GPU=22676, 20, 117.09, 53
NAME                                        ID              SIZE     PROCESSOR          CONTEXT    UNTIL               
qwen3.8-flash-next:125b-a6b-q8_0-ab-262k    64a2f0455da7    74 GB    73%/27% CPU/GPU    262144     29 minutes from now    

2026-09-26T13:44:08+00:00
MemAvailable_GiB=60.31 SwapUsed_GiB=1.78
VM=pswpin=225752 pswpout=585894 pgmajfault=912927
GPU=22676, 11, 127.88, 53
NAME                                        ID              SIZE     PROCESSOR          CONTEXT    UNTIL               
qwen3.8-flash-next:125b-a6b-q8_0-ab-262k    64a2f0455da7    74 GB    73%/27% CPU/GPU    262144     28 minutes from now    

2026-09-26T13:44:38+00:00
MemAvailable_GiB=60.14 SwapUsed_GiB=1.79
VM=pswpin=238602 pswpout=589119 pgmajfault=948715
GPU=22676, 16, 115.84, 52
NAME                                        ID              SIZE     PROCESSOR          CONTEXT    UNTIL               
qwen3.8-flash-next:125b-a6b-q8_0-ab-262k    64a2f0455da7    74 GB    73%/27% CPU/GPU    262144     29 minutes from now    

2026-09-26T13:45:08+00:00
MemAvailable_GiB=60.23 SwapUsed_GiB=1.96
VM=pswpin=258905 pswpout=648417 pgmajfault=1021032
GPU=22676, 8, 129.52, 53
NAME                                        ID              SIZE     PROCESSOR          CONTEXT    UNTIL               
qwen3.8-flash-next:125b-a6b-q8_0-ab-262k    64a2f0455da7    74 GB    73%/27% CPU/GPU    262144     29 minutes from now    

2026-09-26T13:45:39+00:00
MemAvailable_GiB=60.29 SwapUsed_GiB=2.13
VM=pswpin=266595 pswpout=694125 pgmajfault=1043861
GPU=22676, 18, 117.92, 53
NAME                                        ID              SIZE     PROCESSOR          CONTEXT    UNTIL               
qwen3.8-flash-next:125b-a6b-q8_0-ab-262k    64a2f0455da7    74 GB    73%/27% CPU/GPU    262144     29 minutes from now    

2026-09-26T13:46:09+00:00
MemAvailable_GiB=60.30 SwapUsed_GiB=2.21
VM=pswpin=281188 pswpout=730341 pgmajfault=1092889
GPU=22676, 5, 124.25, 52
NAME                                        ID              SIZE     PROCESSOR          CONTEXT    UNTIL               
qwen3.8-flash-next:125b-a6b-q8_0-ab-262k    64a2f0455da7    74 GB    73%/27% CPU/GPU    262144     28 minutes from now    

2026-09-26T13:46:39+00:00
MemAvailable_GiB=60.35 SwapUsed_GiB=2.34
VM=pswpin=300064 pswpout=765914 pgmajfault=1184241
GPU=22676, 15, 115.79, 52
NAME                                        ID              SIZE     PROCESSOR          CONTEXT    UNTIL               
qwen3.8-flash-next:125b-a6b-q8_0-ab-262k    64a2f0455da7    74 GB    73%/27% CPU/GPU    262144     29 minutes from now    

2026-09-26T13:47:09+00:00
MemAvailable_GiB=60.47 SwapUsed_GiB=2.41
VM=pswpin=303454 pswpout=787140 pgmajfault=1196167
GPU=22676, 16, 115.91, 52
NAME                                        ID              SIZE     PROCESSOR          CONTEXT    UNTIL               
qwen3.8-flash-next:125b-a6b-q8_0-ab-262k    64a2f0455da7    74 GB    73%/27% CPU/GPU    262144     29 minutes from now    

2026-09-26T13:47:39+00:00
MemAvailable_GiB=60.32 SwapUsed_GiB=2.41
VM=pswpin=307112 pswpout=791085 pgmajfault=1211616
GPU=22676, 12, 114.43, 52
NAME                                        ID              SIZE     PROCESSOR          CONTEXT    UNTIL               
qwen3.8-flash-next:125b-a6b-q8_0-ab-262k    64a2f0455da7    74 GB    73%/27% CPU/GPU    262144     28 minutes from now    

2026-09-26T13:48:09+00:00
MemAvailable_GiB=60.43 SwapUsed_GiB=2.46
VM=pswpin=307989 pswpout=805164 pgmajfault=1221642
GPU=22676, 21, 116.45, 52
NAME                                        ID              SIZE     PROCESSOR          CONTEXT    UNTIL               
qwen3.8-flash-next:125b-a6b-q8_0-ab-262k    64a2f0455da7    74 GB    73%/27% CPU/GPU    262144     28 minutes from now    

2026-09-26T13:48:39+00:00
MemAvailable_GiB=60.17 SwapUsed_GiB=2.49
VM=pswpin=337769 pswpout=829221 pgmajfault=1343746
GPU=22676, 20, 118.05, 52
NAME                                        ID              SIZE     PROCESSOR          CONTEXT    UNTIL               
qwen3.8-flash-next:125b-a6b-q8_0-ab-262k    64a2f0455da7    74 GB    73%/27% CPU/GPU    262144     29 minutes from now    

2026-09-26T13:49:09+00:00
MemAvailable_GiB=60.33 SwapUsed_GiB=2.63
VM=pswpin=341312 pswpout=867264 pgmajfault=1355057
GPU=22676, 11, 114.22, 52
NAME                                        ID              SIZE     PROCESSOR          CONTEXT    UNTIL               
qwen3.8-flash-next:125b-a6b-q8_0-ab-262k    64a2f0455da7    74 GB    73%/27% CPU/GPU    262144     29 minutes from now    

2026-09-26T13:49:39+00:00
MemAvailable_GiB=60.29 SwapUsed_GiB=2.68
VM=pswpin=356757 pswpout=894384 pgmajfault=1413687
GPU=22676, 6, 122.16, 52
NAME                                        ID              SIZE     PROCESSOR          CONTEXT    UNTIL               
qwen3.8-flash-next:125b-a6b-q8_0-ab-262k    64a2f0455da7    74 GB    73%/27% CPU/GPU    262144     28 minutes from now    

2026-09-26T13:50:10+00:00
MemAvailable_GiB=60.17 SwapUsed_GiB=2.71
VM=pswpin=370602 pswpout=904148 pgmajfault=1476794
GPU=22676, 11, 115.36, 52
NAME                                        ID              SIZE     PROCESSOR          CONTEXT    UNTIL               
qwen3.8-flash-next:125b-a6b-q8_0-ab-262k    64a2f0455da7    74 GB    73%/27% CPU/GPU    262144     29 minutes from now    

2026-09-26T13:50:40+00:00
MemAvailable_GiB=60.31 SwapUsed_GiB=2.80
VM=pswpin=373734 pswpout=930130 pgmajfault=1487991
GPU=22676, 12, 116.21, 52
NAME                                        ID              SIZE     PROCESSOR          CONTEXT    UNTIL               
qwen3.8-flash-next:125b-a6b-q8_0-ab-262k    64a2f0455da7    74 GB    73%/27% CPU/GPU    262144     29 minutes from now    

2026-09-26T13:51:10+00:00
MemAvailable_GiB=60.20 SwapUsed_GiB=2.87
VM=pswpin=402586 pswpout=963179 pgmajfault=1582688
GPU=22676, 13, 115.58, 52
NAME                                        ID              SIZE     PROCESSOR          CONTEXT    UNTIL               
qwen3.8-flash-next:125b-a6b-q8_0-ab-262k    64a2f0455da7    74 GB    73%/27% CPU/GPU    262144     29 minutes from now    

2026-09-26T13:51:40+00:00
MemAvailable_GiB=60.31 SwapUsed_GiB=3.04
VM=pswpin=403178 pswpout=1008972 pgmajfault=1599485
GPU=22676, 20, 116.12, 52
NAME                                        ID              SIZE     PROCESSOR          CONTEXT    UNTIL               
qwen3.8-flash-next:125b-a6b-q8_0-ab-262k    64a2f0455da7    74 GB    73%/27% CPU/GPU    262144     29 minutes from now    

2026-09-26T13:52:10+00:00
MemAvailable_GiB=60.45 SwapUsed_GiB=3.17
VM=pswpin=404456 pswpout=1044955 pgmajfault=1609449
GPU=22676, 10, 114.96, 52
NAME                                        ID              SIZE     PROCESSOR          CONTEXT    UNTIL               
qwen3.8-flash-next:125b-a6b-q8_0-ab-262k    64a2f0455da7    74 GB    73%/27% CPU/GPU    262144     28 minutes from now    

2026-09-26T13:52:40+00:00
MemAvailable_GiB=60.28 SwapUsed_GiB=3.16
VM=pswpin=434381 pswpout=1057260 pgmajfault=1723043
GPU=22676, 19, 116.09, 52
NAME                                        ID              SIZE     PROCESSOR          CONTEXT    UNTIL               
qwen3.8-flash-next:125b-a6b-q8_0-ab-262k    64a2f0455da7    74 GB    73%/27% CPU/GPU    262144     29 minutes from now    

2026-09-26T13:53:10+00:00
MemAvailable_GiB=60.19 SwapUsed_GiB=3.21
VM=pswpin=443981 pswpout=1072203 pgmajfault=1743193
GPU=22676, 25, 122.11, 52
NAME                                        ID              SIZE     PROCESSOR          CONTEXT    UNTIL               
qwen3.8-flash-next:125b-a6b-q8_0-ab-262k    64a2f0455da7    74 GB    73%/27% CPU/GPU    262144     29 minutes from now    

2026-09-26T13:53:40+00:00
MemAvailable_GiB=60.36 SwapUsed_GiB=3.31
VM=pswpin=444744 pswpout=1103304 pgmajfault=1753584
GPU=22676, 19, 116.19, 53
NAME                                        ID              SIZE     PROCESSOR          CONTEXT    UNTIL               
qwen3.8-flash-next:125b-a6b-q8_0-ab-262k    64a2f0455da7    74 GB    73%/27% CPU/GPU    262144     28 minutes from now    

2026-09-26T13:54:10+00:00
MemAvailable_GiB=60.25 SwapUsed_GiB=3.37
VM=pswpin=472537 pswpout=1132523 pgmajfault=1855891
GPU=22676, 15, 125.39, 54
NAME                                        ID              SIZE     PROCESSOR          CONTEXT    UNTIL               
qwen3.8-flash-next:125b-a6b-q8_0-ab-262k    64a2f0455da7    74 GB    73%/27% CPU/GPU    262144     29 minutes from now    

2026-09-26T13:54:41+00:00
MemAvailable_GiB=60.42 SwapUsed_GiB=3.48
VM=pswpin=475056 pswpout=1165210 pgmajfault=1866691
GPU=22676, 10, 115.68, 52
NAME                                        ID              SIZE     PROCESSOR          CONTEXT    UNTIL               
qwen3.8-flash-next:125b-a6b-q8_0-ab-262k    64a2f0455da7    74 GB    73%/27% CPU/GPU    262144     29 minutes from now    

2026-09-26T13:55:11+00:00
MemAvailable_GiB=60.45 SwapUsed_GiB=3.54
VM=pswpin=482254 pswpout=1183339 pgmajfault=1882504
GPU=22676, 11, 115.12, 52
NAME                                        ID              SIZE     PROCESSOR          CONTEXT    UNTIL               
qwen3.8-flash-next:125b-a6b-q8_0-ab-262k    64a2f0455da7    74 GB    73%/27% CPU/GPU    262144     28 minutes from now    

2026-09-26T13:55:41+00:00
MemAvailable_GiB=60.48 SwapUsed_GiB=3.54
VM=pswpin=482974 pswpout=1186202 pgmajfault=1892345
GPU=22676, 10, 114.34, 52
NAME                                        ID              SIZE     PROCESSOR          CONTEXT    UNTIL               
qwen3.8-flash-next:125b-a6b-q8_0-ab-262k    64a2f0455da7    74 GB    73%/27% CPU/GPU    262144     28 minutes from now    

2026-09-26T13:56:11+00:00
MemAvailable_GiB=60.46 SwapUsed_GiB=3.53
VM=pswpin=490360 pswpout=1187479 pgmajfault=1907281
GPU=22676, 13, 114.74, 52
NAME                                        ID              SIZE     PROCESSOR          CONTEXT    UNTIL               
qwen3.8-flash-next:125b-a6b-q8_0-ab-262k    64a2f0455da7    74 GB    73%/27% CPU/GPU    262144     27 minutes from now    

2026-09-26T13:56:41+00:00
MemAvailable_GiB=60.35 SwapUsed_GiB=3.53
VM=pswpin=495962 pswpout=1188995 pgmajfault=1923870
GPU=22676, 15, 115.84, 52
NAME                                        ID              SIZE     PROCESSOR          CONTEXT    UNTIL               
qwen3.8-flash-next:125b-a6b-q8_0-ab-262k    64a2f0455da7    74 GB    73%/27% CPU/GPU    262144     27 minutes from now    

2026-09-26T13:57:11+00:00
MemAvailable_GiB=60.44 SwapUsed_GiB=3.59
VM=pswpin=499479 pswpout=1208319 pgmajfault=1934544
GPU=22676, 9, 115.64, 52
NAME                                        ID              SIZE     PROCESSOR          CONTEXT    UNTIL               
qwen3.8-flash-next:125b-a6b-q8_0-ab-262k    64a2f0455da7    74 GB    73%/27% CPU/GPU    262144     26 minutes from now    

2026-09-26T13:57:41+00:00
MemAvailable_GiB=60.28 SwapUsed_GiB=3.60
VM=pswpin=526977 pswpout=1223536 pgmajfault=2029359
GPU=22676, 0, 114.52, 52
NAME                                        ID              SIZE     PROCESSOR          CONTEXT    UNTIL               
qwen3.8-flash-next:125b-a6b-q8_0-ab-262k    64a2f0455da7    74 GB    73%/27% CPU/GPU    262144     29 minutes from now    

2026-09-26T13:58:11+00:00
MemAvailable_GiB=60.30 SwapUsed_GiB=3.61
VM=pswpin=529094 pswpout=1228191 pgmajfault=2043163
GPU=22676, 16, 116.55, 52
NAME                                        ID              SIZE     PROCESSOR          CONTEXT    UNTIL               
qwen3.8-flash-next:125b-a6b-q8_0-ab-262k    64a2f0455da7    74 GB    73%/27% CPU/GPU    262144     29 minutes from now    

2026-09-26T13:58:41+00:00
MemAvailable_GiB=60.47 SwapUsed_GiB=3.74
VM=pswpin=531978 pswpout=1263933 pgmajfault=2051737
GPU=22676, 10, 114.44, 52
NAME                                        ID              SIZE     PROCESSOR          CONTEXT    UNTIL               
qwen3.8-flash-next:125b-a6b-q8_0-ab-262k    64a2f0455da7    74 GB    73%/27% CPU/GPU    262144     28 minutes from now    

2026-09-26T13:59:11+00:00
MemAvailable_GiB=60.40 SwapUsed_GiB=3.79
VM=pswpin=542255 pswpout=1284859 pgmajfault=2078899
GPU=22676, 10, 115.68, 52
NAME                                        ID              SIZE     PROCESSOR          CONTEXT    UNTIL               
qwen3.8-flash-next:125b-a6b-q8_0-ab-262k    64a2f0455da7    74 GB    73%/27% CPU/GPU    262144     28 minutes from now    

2026-09-26T13:59:42+00:00
MemAvailable_GiB=60.48 SwapUsed_GiB=3.88
VM=pswpin=545221 pswpout=1307574 pgmajfault=2088759
GPU=22676, 13, 115.22, 52
NAME                                        ID              SIZE     PROCESSOR          CONTEXT    UNTIL               
qwen3.8-flash-next:125b-a6b-q8_0-ab-262k    64a2f0455da7    74 GB    73%/27% CPU/GPU    262144     27 minutes from now    

2026-09-26T14:00:12+00:00
MemAvailable_GiB=60.34 SwapUsed_GiB=3.83
VM=pswpin=560341 pswpout=1308291 pgmajfault=2194503
GPU=22676, 4, 126.92, 53
NAME                                        ID              SIZE     PROCESSOR          CONTEXT    UNTIL               
qwen3.8-flash-next:125b-a6b-q8_0-ab-262k    64a2f0455da7    74 GB    73%/27% CPU/GPU    262144     27 minutes from now    

2026-09-26T14:00:42+00:00
MemAvailable_GiB=60.37 SwapUsed_GiB=3.92
VM=pswpin=585325 pswpout=1337560 pgmajfault=2256659
GPU=22676, 15, 115.62, 52
NAME                                        ID              SIZE     PROCESSOR          CONTEXT    UNTIL               
qwen3.8-flash-next:125b-a6b-q8_0-ab-262k    64a2f0455da7    74 GB    73%/27% CPU/GPU    262144     29 minutes from now    

2026-09-26T14:01:12+00:00
MemAvailable_GiB=60.25 SwapUsed_GiB=3.94
VM=pswpin=589618 pswpout=1343684 pgmajfault=2275149
GPU=22676, 11, 115.53, 52
NAME                                        ID              SIZE     PROCESSOR          CONTEXT    UNTIL               
qwen3.8-flash-next:125b-a6b-q8_0-ab-262k    64a2f0455da7    74 GB    73%/27% CPU/GPU    262144     29 minutes from now    

2026-09-26T14:01:42+00:00
MemAvailable_GiB=60.31 SwapUsed_GiB=4.03
VM=pswpin=605270 pswpout=1386821 pgmajfault=2300284
GPU=22676, 8, 120.13, 52
NAME                                        ID              SIZE     PROCESSOR          CONTEXT    UNTIL               
qwen3.8-flash-next:125b-a6b-q8_0-ab-262k    64a2f0455da7    74 GB    73%/27% CPU/GPU    262144     28 minutes from now    

2026-09-26T14:02:12+00:00
MemAvailable_GiB=60.38 SwapUsed_GiB=4.10
VM=pswpin=612507 pswpout=1413580 pgmajfault=2431763
GPU=22676, 0, 121.85, 52
NAME                                        ID              SIZE     PROCESSOR          CONTEXT    UNTIL               
qwen3.8-flash-next:125b-a6b-q8_0-ab-262k    64a2f0455da7    74 GB    73%/27% CPU/GPU    262144     29 minutes from now    

2026-09-26T14:02:42+00:00
MemAvailable_GiB=60.28 SwapUsed_GiB=4.11
VM=pswpin=626509 pswpout=1429247 pgmajfault=2454360
GPU=22676, 12, 115.48, 52
NAME                                        ID              SIZE     PROCESSOR          CONTEXT    UNTIL               
qwen3.8-flash-next:125b-a6b-q8_0-ab-262k    64a2f0455da7    74 GB    73%/27% CPU/GPU    262144     29 minutes from now    

2026-09-26T14:03:12+00:00
MemAvailable_GiB=60.27 SwapUsed_GiB=4.18
VM=pswpin=641396 pswpout=1461843 pgmajfault=2493767
GPU=22676, 3, 122.79, 52
NAME                                        ID              SIZE     PROCESSOR          CONTEXT    UNTIL               
qwen3.8-flash-next:125b-a6b-q8_0-ab-262k    64a2f0455da7    74 GB    73%/27% CPU/GPU    262144     28 minutes from now    

2026-09-26T14:03:42+00:00
MemAvailable_GiB=60.33 SwapUsed_GiB=4.25
VM=pswpin=642803 pswpout=1481344 pgmajfault=2600354
GPU=22676, 17, 134.12, 54
NAME                                        ID              SIZE     PROCESSOR          CONTEXT    UNTIL               
qwen3.8-flash-next:125b-a6b-q8_0-ab-262k    64a2f0455da7    74 GB    73%/27% CPU/GPU    262144     28 minutes from now    

2026-09-26T14:04:13+00:00
MemAvailable_GiB=60.43 SwapUsed_GiB=4.35
VM=pswpin=644840 pswpout=1509174 pgmajfault=2652919
GPU=22676, 16, 139.59, 55
NAME                                        ID              SIZE     PROCESSOR          CONTEXT    UNTIL               
qwen3.8-flash-next:125b-a6b-q8_0-ab-262k    64a2f0455da7    74 GB    73%/27% CPU/GPU    262144     27 minutes from now    

2026-09-26T14:04:43+00:00
MemAvailable_GiB=60.45 SwapUsed_GiB=4.36
VM=pswpin=647237 pswpout=1514145 pgmajfault=2686675
GPU=22676, 19, 140.40, 56
NAME                                        ID              SIZE     PROCESSOR          CONTEXT    UNTIL               
qwen3.8-flash-next:125b-a6b-q8_0-ab-262k    64a2f0455da7    74 GB    73%/27% CPU/GPU    262144     27 minutes from now    

2026-09-26T14:05:13+00:00
MemAvailable_GiB=60.46 SwapUsed_GiB=4.37
VM=pswpin=650945 pswpout=1521568 pgmajfault=2715170
GPU=22676, 18, 145.27, 56
NAME                                        ID              SIZE     PROCESSOR          CONTEXT    UNTIL               
qwen3.8-flash-next:125b-a6b-q8_0-ab-262k    64a2f0455da7    74 GB    73%/27% CPU/GPU    262144     26 minutes from now    

2026-09-26T14:05:43+00:00
MemAvailable_GiB=60.46 SwapUsed_GiB=4.37
VM=pswpin=652664 pswpout=1522381 pgmajfault=2754872
GPU=22676, 14, 131.81, 56
NAME                                        ID              SIZE     PROCESSOR          CONTEXT    UNTIL               
qwen3.8-flash-next:125b-a6b-q8_0-ab-262k    64a2f0455da7    74 GB    73%/27% CPU/GPU    262144     26 minutes from now    

2026-09-26T14:06:13+00:00
MemAvailable_GiB=60.47 SwapUsed_GiB=4.38
VM=pswpin=652847 pswpout=1524265 pgmajfault=2800371
GPU=22676, 14, 135.85, 56
NAME                                        ID              SIZE     PROCESSOR          CONTEXT    UNTIL               
qwen3.8-flash-next:125b-a6b-q8_0-ab-262k    64a2f0455da7    74 GB    73%/27% CPU/GPU    262144     25 minutes from now    

2026-09-26T14:06:43+00:00
MemAvailable_GiB=60.46 SwapUsed_GiB=4.38
VM=pswpin=655379 pswpout=1528459 pgmajfault=2846586
GPU=22676, 3, 138.34, 56
NAME                                        ID              SIZE     PROCESSOR          CONTEXT    UNTIL               
qwen3.8-flash-next:125b-a6b-q8_0-ab-262k    64a2f0455da7    74 GB    73%/27% CPU/GPU    262144     25 minutes from now    

2026-09-26T14:07:13+00:00
MemAvailable_GiB=60.46 SwapUsed_GiB=4.37
VM=pswpin=660058 pswpout=1528659 pgmajfault=2886687
GPU=22676, 10, 140.34, 56
NAME                                        ID              SIZE     PROCESSOR          CONTEXT    UNTIL               
qwen3.8-flash-next:125b-a6b-q8_0-ab-262k    64a2f0455da7    74 GB    73%/27% CPU/GPU    262144     24 minutes from now    

2026-09-26T14:07:43+00:00
MemAvailable_GiB=60.46 SwapUsed_GiB=4.37
VM=pswpin=660308 pswpout=1529785 pgmajfault=2916698
GPU=22676, 14, 140.01, 56
NAME                                        ID              SIZE     PROCESSOR          CONTEXT    UNTIL               
qwen3.8-flash-next:125b-a6b-q8_0-ab-262k    64a2f0455da7    74 GB    73%/27% CPU/GPU    262144     24 minutes from now    

2026-09-26T14:08:13+00:00
MemAvailable_GiB=60.46 SwapUsed_GiB=4.37
VM=pswpin=660539 pswpout=1530708 pgmajfault=2955115
GPU=22676, 18, 146.01, 57
NAME                                        ID              SIZE     PROCESSOR          CONTEXT    UNTIL               
qwen3.8-flash-next:125b-a6b-q8_0-ab-262k    64a2f0455da7    74 GB    73%/27% CPU/GPU    262144     23 minutes from now    

2026-09-26T14:08:43+00:00
MemAvailable_GiB=60.45 SwapUsed_GiB=4.37
VM=pswpin=662953 pswpout=1531253 pgmajfault=2982863
GPU=22676, 17, 147.54, 58
NAME                                        ID              SIZE     PROCESSOR          CONTEXT    UNTIL               
qwen3.8-flash-next:125b-a6b-q8_0-ab-262k    64a2f0455da7    74 GB    73%/27% CPU/GPU    262144     23 minutes from now    

2026-09-26T14:09:13+00:00
MemAvailable_GiB=60.46 SwapUsed_GiB=4.37
VM=pswpin=671627 pswpout=1541181 pgmajfault=3010223
GPU=22676, 18, 148.21, 58
NAME                                        ID              SIZE     PROCESSOR          CONTEXT    UNTIL               
qwen3.8-flash-next:125b-a6b-q8_0-ab-262k    64a2f0455da7    74 GB    73%/27% CPU/GPU    262144     22 minutes from now    

2026-09-26T14:09:43+00:00
MemAvailable_GiB=60.46 SwapUsed_GiB=4.37
VM=pswpin=674016 pswpout=1541865 pgmajfault=3051119
GPU=22676, 14, 137.17, 57
NAME                                        ID              SIZE     PROCESSOR          CONTEXT    UNTIL               
qwen3.8-flash-next:125b-a6b-q8_0-ab-262k    64a2f0455da7    74 GB    73%/27% CPU/GPU    262144     22 minutes from now    

2026-09-26T14:10:13+00:00
MemAvailable_GiB=60.46 SwapUsed_GiB=4.37
VM=pswpin=675090 pswpout=1542574 pgmajfault=3088889
GPU=22676, 20, 147.48, 58
NAME                                        ID              SIZE     PROCESSOR          CONTEXT    UNTIL               
qwen3.8-flash-next:125b-a6b-q8_0-ab-262k    64a2f0455da7    74 GB    73%/27% CPU/GPU    262144     21 minutes from now    

2026-09-26T14:10:44+00:00
MemAvailable_GiB=60.45 SwapUsed_GiB=4.36
VM=pswpin=677533 pswpout=1544246 pgmajfault=3118102
GPU=22676, 17, 142.01, 58
NAME                                        ID              SIZE     PROCESSOR          CONTEXT    UNTIL               
qwen3.8-flash-next:125b-a6b-q8_0-ab-262k    64a2f0455da7    74 GB    73%/27% CPU/GPU    262144     21 minutes from now    

2026-09-26T14:11:14+00:00
MemAvailable_GiB=60.45 SwapUsed_GiB=4.37
VM=pswpin=679203 pswpout=1545891 pgmajfault=3152377
GPU=22676, 13, 142.98, 58
NAME                                        ID              SIZE     PROCESSOR          CONTEXT    UNTIL               
qwen3.8-flash-next:125b-a6b-q8_0-ab-262k    64a2f0455da7    74 GB    73%/27% CPU/GPU    262144     20 minutes from now    

2026-09-26T14:11:44+00:00
MemAvailable_GiB=60.45 SwapUsed_GiB=4.36
VM=pswpin=680393 pswpout=1546956 pgmajfault=3185125
GPU=22676, 6, 139.86, 58
NAME                                        ID              SIZE     PROCESSOR          CONTEXT    UNTIL               
qwen3.8-flash-next:125b-a6b-q8_0-ab-262k    64a2f0455da7    74 GB    73%/27% CPU/GPU    262144     20 minutes from now    

2026-09-26T14:12:14+00:00
MemAvailable_GiB=60.46 SwapUsed_GiB=4.37
VM=pswpin=680672 pswpout=1548126 pgmajfault=3216991
GPU=22676, 17, 147.28, 58
NAME                                        ID              SIZE     PROCESSOR          CONTEXT    UNTIL               
qwen3.8-flash-next:125b-a6b-q8_0-ab-262k    64a2f0455da7    74 GB    73%/27% CPU/GPU    262144     19 minutes from now    

2026-09-26T14:12:44+00:00
MemAvailable_GiB=60.46 SwapUsed_GiB=4.37
VM=pswpin=683064 pswpout=1551107 pgmajfault=3254929
GPU=22676, 14, 144.61, 58
NAME                                        ID              SIZE     PROCESSOR          CONTEXT    UNTIL               
qwen3.8-flash-next:125b-a6b-q8_0-ab-262k    64a2f0455da7    74 GB    73%/27% CPU/GPU    262144     19 minutes from now    

2026-09-26T14:13:14+00:00
MemAvailable_GiB=60.45 SwapUsed_GiB=4.36
VM=pswpin=686097 pswpout=1552110 pgmajfault=3290240
GPU=22676, 12, 144.55, 58
NAME                                        ID              SIZE     PROCESSOR          CONTEXT    UNTIL               
qwen3.8-flash-next:125b-a6b-q8_0-ab-262k    64a2f0455da7    74 GB    73%/27% CPU/GPU    262144     18 minutes from now    

2026-09-26T14:13:44+00:00
MemAvailable_GiB=60.46 SwapUsed_GiB=4.37
VM=pswpin=686358 pswpout=1554665 pgmajfault=3329635
GPU=22676, 7, 145.86, 58
NAME                                        ID              SIZE     PROCESSOR          CONTEXT    UNTIL               
qwen3.8-flash-next:125b-a6b-q8_0-ab-262k    64a2f0455da7    74 GB    73%/27% CPU/GPU    262144     18 minutes from now    

2026-09-26T14:14:14+00:00
MemAvailable_GiB=60.48 SwapUsed_GiB=4.38
VM=pswpin=686782 pswpout=1557856 pgmajfault=3385791
GPU=22676, 13, 147.41, 58
NAME                                        ID              SIZE     PROCESSOR          CONTEXT    UNTIL               
qwen3.8-flash-next:125b-a6b-q8_0-ab-262k    64a2f0455da7    74 GB    73%/27% CPU/GPU    262144     17 minutes from now    

2026-09-26T14:14:44+00:00
MemAvailable_GiB=60.45 SwapUsed_GiB=4.37
VM=pswpin=692086 pswpout=1558285 pgmajfault=3427007
GPU=22676, 8, 140.67, 58
NAME                                        ID              SIZE     PROCESSOR          CONTEXT    UNTIL               
qwen3.8-flash-next:125b-a6b-q8_0-ab-262k    64a2f0455da7    74 GB    73%/27% CPU/GPU    262144     17 minutes from now    

2026-09-26T14:15:14+00:00
MemAvailable_GiB=60.46 SwapUsed_GiB=4.38
VM=pswpin=695359 pswpout=1564598 pgmajfault=3522211
GPU=22676, 16, 143.73, 58
NAME                                        ID              SIZE     PROCESSOR          CONTEXT    UNTIL               
qwen3.8-flash-next:125b-a6b-q8_0-ab-262k    64a2f0455da7    74 GB    73%/27% CPU/GPU    262144     16 minutes from now    

2026-09-26T14:15:45+00:00
MemAvailable_GiB=60.46 SwapUsed_GiB=4.38
VM=pswpin=702698 pswpout=1571389 pgmajfault=3592352
GPU=22676, 6, 141.52, 57
NAME                                        ID              SIZE     PROCESSOR          CONTEXT    UNTIL               
qwen3.8-flash-next:125b-a6b-q8_0-ab-262k    64a2f0455da7    74 GB    73%/27% CPU/GPU    262144     16 minutes from now    

2026-09-26T14:16:15+00:00
MemAvailable_GiB=60.47 SwapUsed_GiB=4.39
VM=pswpin=703200 pswpout=1573529 pgmajfault=3659214
GPU=22676, 18, 143.94, 58
NAME                                        ID              SIZE     PROCESSOR          CONTEXT    UNTIL               
qwen3.8-flash-next:125b-a6b-q8_0-ab-262k    64a2f0455da7    74 GB    73%/27% CPU/GPU    262144     15 minutes from now    

2026-09-26T14:16:45+00:00
MemAvailable_GiB=60.46 SwapUsed_GiB=4.37
VM=pswpin=707374 pswpout=1574763 pgmajfault=3700680
GPU=22676, 17, 135.87, 58
NAME                                        ID              SIZE     PROCESSOR          CONTEXT    UNTIL               
qwen3.8-flash-next:125b-a6b-q8_0-ab-262k    64a2f0455da7    74 GB    73%/27% CPU/GPU    262144     15 minutes from now    

2026-09-26T14:17:15+00:00
MemAvailable_GiB=60.45 SwapUsed_GiB=4.37
VM=pswpin=709674 pswpout=1575344 pgmajfault=3741934
GPU=22676, 19, 146.66, 59
NAME                                        ID              SIZE     PROCESSOR          CONTEXT    UNTIL               
qwen3.8-flash-next:125b-a6b-q8_0-ab-262k    64a2f0455da7    74 GB    73%/27% CPU/GPU    262144     14 minutes from now    

2026-09-26T14:17:45+00:00
MemAvailable_GiB=60.46 SwapUsed_GiB=4.38
VM=pswpin=709933 pswpout=1577400 pgmajfault=3785869
GPU=22676, 14, 146.83, 58
NAME                                        ID              SIZE     PROCESSOR          CONTEXT    UNTIL               
qwen3.8-flash-next:125b-a6b-q8_0-ab-262k    64a2f0455da7    74 GB    73%/27% CPU/GPU    262144     14 minutes from now    

2026-09-26T14:18:15+00:00
MemAvailable_GiB=60.46 SwapUsed_GiB=4.38
VM=pswpin=712439 pswpout=1580563 pgmajfault=3830802
GPU=22676, 16, 142.20, 58
NAME                                        ID              SIZE     PROCESSOR          CONTEXT    UNTIL               
qwen3.8-flash-next:125b-a6b-q8_0-ab-262k    64a2f0455da7    74 GB    73%/27% CPU/GPU    262144     13 minutes from now    

2026-09-26T14:18:45+00:00
MemAvailable_GiB=60.45 SwapUsed_GiB=4.37
VM=pswpin=714924 pswpout=1580635 pgmajfault=3879932
GPU=22676, 12, 140.79, 58
NAME                                        ID              SIZE     PROCESSOR          CONTEXT    UNTIL               
qwen3.8-flash-next:125b-a6b-q8_0-ab-262k    64a2f0455da7    74 GB    73%/27% CPU/GPU    262144     13 minutes from now    

2026-09-26T14:19:15+00:00
MemAvailable_GiB=60.45 SwapUsed_GiB=4.38
VM=pswpin=716687 pswpout=1583956 pgmajfault=3923407
GPU=22676, 6, 137.52, 58
NAME                                        ID              SIZE     PROCESSOR          CONTEXT    UNTIL               
qwen3.8-flash-next:125b-a6b-q8_0-ab-262k    64a2f0455da7    74 GB    73%/27% CPU/GPU    262144     12 minutes from now    

2026-09-26T14:19:45+00:00
MemAvailable_GiB=60.46 SwapUsed_GiB=4.37
VM=pswpin=720375 pswpout=1585901 pgmajfault=3969436
GPU=22676, 13, 136.12, 58
NAME                                        ID              SIZE     PROCESSOR          CONTEXT    UNTIL               
qwen3.8-flash-next:125b-a6b-q8_0-ab-262k    64a2f0455da7    74 GB    73%/27% CPU/GPU    262144     12 minutes from now    

2026-09-26T14:20:15+00:00
MemAvailable_GiB=60.45 SwapUsed_GiB=4.37
VM=pswpin=720706 pswpout=1586397 pgmajfault=4011062
GPU=22676, 19, 146.66, 59
NAME                                        ID              SIZE     PROCESSOR          CONTEXT    UNTIL               
qwen3.8-flash-next:125b-a6b-q8_0-ab-262k    64a2f0455da7    74 GB    73%/27% CPU/GPU    262144     11 minutes from now    

2026-09-26T14:20:45+00:00
MemAvailable_GiB=60.44 SwapUsed_GiB=4.36
VM=pswpin=723302 pswpout=1586683 pgmajfault=4060508
GPU=22676, 18, 147.61, 59
NAME                                        ID              SIZE     PROCESSOR          CONTEXT    UNTIL               
qwen3.8-flash-next:125b-a6b-q8_0-ab-262k    64a2f0455da7    74 GB    73%/27% CPU/GPU    262144     11 minutes from now    

2026-09-26T14:21:15+00:00
MemAvailable_GiB=60.46 SwapUsed_GiB=4.37
VM=pswpin=724030 pswpout=1589721 pgmajfault=4093838
GPU=22676, 17, 144.54, 59
NAME                                        ID              SIZE     PROCESSOR          CONTEXT    UNTIL               
qwen3.8-flash-next:125b-a6b-q8_0-ab-262k    64a2f0455da7    74 GB    73%/27% CPU/GPU    262144     10 minutes from now    

2026-09-26T14:21:45+00:00
MemAvailable_GiB=60.45 SwapUsed_GiB=4.36
VM=pswpin=726326 pswpout=1589852 pgmajfault=4125179
GPU=22676, 8, 145.10, 59
NAME                                        ID              SIZE     PROCESSOR          CONTEXT    UNTIL               
qwen3.8-flash-next:125b-a6b-q8_0-ab-262k    64a2f0455da7    74 GB    73%/27% CPU/GPU    262144     10 minutes from now    

2026-09-26T14:22:16+00:00
MemAvailable_GiB=60.46 SwapUsed_GiB=4.36
VM=pswpin=726565 pswpout=1591043 pgmajfault=4190652
GPU=22676, 12, 147.04, 59
NAME                                        ID              SIZE     PROCESSOR          CONTEXT    UNTIL              
qwen3.8-flash-next:125b-a6b-q8_0-ab-262k    64a2f0455da7    74 GB    73%/27% CPU/GPU    262144     9 minutes from now    

2026-09-26T14:22:46+00:00
MemAvailable_GiB=60.48 SwapUsed_GiB=4.38
VM=pswpin=728070 pswpout=1596898 pgmajfault=4276927
GPU=22676, 9, 134.33, 58
NAME                                        ID              SIZE     PROCESSOR          CONTEXT    UNTIL              
qwen3.8-flash-next:125b-a6b-q8_0-ab-262k    64a2f0455da7    74 GB    73%/27% CPU/GPU    262144     9 minutes from now    

2026-09-26T14:23:16+00:00
MemAvailable_GiB=60.49 SwapUsed_GiB=4.40
VM=pswpin=732040 pswpout=1605442 pgmajfault=4385312
GPU=22676, 9, 127.11, 57
NAME                                        ID              SIZE     PROCESSOR          CONTEXT    UNTIL              
qwen3.8-flash-next:125b-a6b-q8_0-ab-262k    64a2f0455da7    74 GB    73%/27% CPU/GPU    262144     8 minutes from now    

2026-09-26T14:23:46+00:00
MemAvailable_GiB=60.46 SwapUsed_GiB=4.37
VM=pswpin=740745 pswpout=1606561 pgmajfault=4491998
GPU=22676, 3, 123.40, 57
NAME                                        ID              SIZE     PROCESSOR          CONTEXT    UNTIL              
qwen3.8-flash-next:125b-a6b-q8_0-ab-262k    64a2f0455da7    74 GB    73%/27% CPU/GPU    262144     8 minutes from now    

2026-09-26T14:24:16+00:00
MemAvailable_GiB=60.47 SwapUsed_GiB=4.38
VM=pswpin=749213 pswpout=1615687 pgmajfault=4603398
GPU=22676, 6, 131.21, 57
NAME                                        ID              SIZE     PROCESSOR          CONTEXT    UNTIL              
qwen3.8-flash-next:125b-a6b-q8_0-ab-262k    64a2f0455da7    74 GB    73%/27% CPU/GPU    262144     7 minutes from now    

2026-09-26T14:24:46+00:00
MemAvailable_GiB=60.49 SwapUsed_GiB=4.40
VM=pswpin=752227 pswpout=1622355 pgmajfault=4700724
GPU=22676, 8, 130.14, 57
NAME                                        ID              SIZE     PROCESSOR          CONTEXT    UNTIL              
qwen3.8-flash-next:125b-a6b-q8_0-ab-262k    64a2f0455da7    74 GB    73%/27% CPU/GPU    262144     7 minutes from now    

2026-09-26T14:25:16+00:00
MemAvailable_GiB=60.46 SwapUsed_GiB=4.37
VM=pswpin=760435 pswpout=1623645 pgmajfault=4793897
GPU=22676, 7, 136.45, 57
NAME                                        ID              SIZE     PROCESSOR          CONTEXT    UNTIL              
qwen3.8-flash-next:125b-a6b-q8_0-ab-262k    64a2f0455da7    74 GB    73%/27% CPU/GPU    262144     6 minutes from now    

2026-09-26T14:25:46+00:00
MemAvailable_GiB=60.47 SwapUsed_GiB=4.37
VM=pswpin=769907 pswpout=1633534 pgmajfault=4892261
GPU=22676, 15, 138.95, 57
NAME                                        ID              SIZE     PROCESSOR          CONTEXT    UNTIL              
qwen3.8-flash-next:125b-a6b-q8_0-ab-262k    64a2f0455da7    74 GB    73%/27% CPU/GPU    262144     6 minutes from now    

2026-09-26T14:26:17+00:00
MemAvailable_GiB=60.48 SwapUsed_GiB=4.38
VM=pswpin=770456 pswpout=1636734 pgmajfault=4959930
GPU=22676, 18, 147.68, 58
NAME                                        ID              SIZE     PROCESSOR          CONTEXT    UNTIL              
qwen3.8-flash-next:125b-a6b-q8_0-ab-262k    64a2f0455da7    74 GB    73%/27% CPU/GPU    262144     5 minutes from now    

2026-09-26T14:26:47+00:00
MemAvailable_GiB=60.47 SwapUsed_GiB=4.38
VM=pswpin=773225 pswpout=1638332 pgmajfault=5029081
GPU=22676, 18, 146.68, 58
NAME                                        ID              SIZE     PROCESSOR          CONTEXT    UNTIL              
qwen3.8-flash-next:125b-a6b-q8_0-ab-262k    64a2f0455da7    74 GB    73%/27% CPU/GPU    262144     5 minutes from now    

2026-09-26T14:27:17+00:00
MemAvailable_GiB=60.47 SwapUsed_GiB=4.37
VM=pswpin=776773 pswpout=1640003 pgmajfault=5110147
GPU=22676, 10, 137.02, 57
NAME                                        ID              SIZE     PROCESSOR          CONTEXT    UNTIL              
qwen3.8-flash-next:125b-a6b-q8_0-ab-262k    64a2f0455da7    74 GB    73%/27% CPU/GPU    262144     4 minutes from now    

2026-09-26T14:27:47+00:00
MemAvailable_GiB=60.46 SwapUsed_GiB=4.37
VM=pswpin=779086 pswpout=1641801 pgmajfault=5201630
GPU=22676, 12, 138.83, 58
NAME                                        ID              SIZE     PROCESSOR          CONTEXT    UNTIL              
qwen3.8-flash-next:125b-a6b-q8_0-ab-262k    64a2f0455da7    74 GB    73%/27% CPU/GPU    262144     4 minutes from now    

2026-09-26T14:28:17+00:00
MemAvailable_GiB=60.48 SwapUsed_GiB=4.39
VM=pswpin=779795 pswpout=1646110 pgmajfault=5283808
GPU=22676, 11, 135.82, 57
NAME                                        ID              SIZE     PROCESSOR          CONTEXT    UNTIL              
qwen3.8-flash-next:125b-a6b-q8_0-ab-262k    64a2f0455da7    74 GB    73%/27% CPU/GPU    262144     3 minutes from now    

2026-09-26T14:28:47+00:00
MemAvailable_GiB=60.47 SwapUsed_GiB=4.38
VM=pswpin=789692 pswpout=1653785 pgmajfault=5394866
GPU=22676, 12, 131.69, 57
NAME                                        ID              SIZE     PROCESSOR          CONTEXT    UNTIL              
qwen3.8-flash-next:125b-a6b-q8_0-ab-262k    64a2f0455da7    74 GB    73%/27% CPU/GPU    262144     3 minutes from now    

2026-09-26T14:29:17+00:00
MemAvailable_GiB=60.46 SwapUsed_GiB=4.37
VM=pswpin=793338 pswpout=1654082 pgmajfault=5458826
GPU=22676, 18, 149.73, 58
NAME                                        ID              SIZE     PROCESSOR          CONTEXT    UNTIL              
qwen3.8-flash-next:125b-a6b-q8_0-ab-262k    64a2f0455da7    74 GB    73%/27% CPU/GPU    262144     2 minutes from now    

2026-09-26T14:29:47+00:00
MemAvailable_GiB=60.45 SwapUsed_GiB=4.36
VM=pswpin=795081 pswpout=1654257 pgmajfault=5506440
GPU=22676, 17, 151.83, 58
NAME                                        ID              SIZE     PROCESSOR          CONTEXT    UNTIL              
qwen3.8-flash-next:125b-a6b-q8_0-ab-262k    64a2f0455da7    74 GB    73%/27% CPU/GPU    262144     2 minutes from now    

2026-09-26T14:30:17+00:00
MemAvailable_GiB=60.45 SwapUsed_GiB=4.37
VM=pswpin=795974 pswpout=1655527 pgmajfault=5547745
GPU=22676, 18, 150.17, 59
NAME                                        ID              SIZE     PROCESSOR          CONTEXT    UNTIL                   
qwen3.8-flash-next:125b-a6b-q8_0-ab-262k    64a2f0455da7    74 GB    73%/27% CPU/GPU    262144     About a minute from now    

2026-09-26T14:30:47+00:00
MemAvailable_GiB=60.48 SwapUsed_GiB=4.39
VM=pswpin=798901 pswpout=1664379 pgmajfault=5598253
GPU=22676, 19, 151.71, 59
NAME                                        ID              SIZE     PROCESSOR          CONTEXT    UNTIL                   
qwen3.8-flash-next:125b-a6b-q8_0-ab-262k    64a2f0455da7    74 GB    73%/27% CPU/GPU    262144     About a minute from now    

2026-09-26T14:31:17+00:00
MemAvailable_GiB=60.44 SwapUsed_GiB=4.36
VM=pswpin=807031 pswpout=1664412 pgmajfault=5637932
GPU=22676, 19, 144.29, 59
NAME                                        ID              SIZE     PROCESSOR          CONTEXT    UNTIL               
qwen3.8-flash-next:125b-a6b-q8_0-ab-262k    64a2f0455da7    74 GB    73%/27% CPU/GPU    262144     54 seconds from now    

2026-09-26T14:31:48+00:00
MemAvailable_GiB=60.44 SwapUsed_GiB=4.36
VM=pswpin=807187 pswpout=1664720 pgmajfault=5673009
GPU=22676, 18, 154.14, 59
NAME                                        ID              SIZE     PROCESSOR          CONTEXT    UNTIL               
qwen3.8-flash-next:125b-a6b-q8_0-ab-262k    64a2f0455da7    74 GB    73%/27% CPU/GPU    262144     24 seconds from now    

2026-09-26T14:32:18+00:00
MemAvailable_GiB=60.46 SwapUsed_GiB=4.37
VM=pswpin=807371 pswpout=1666720 pgmajfault=5716271
GPU=22676, 6, 133.00, 58
NAME                                        ID              SIZE     PROCESSOR          CONTEXT    UNTIL       
qwen3.8-flash-next:125b-a6b-q8_0-ab-262k    64a2f0455da7    74 GB    73%/27% CPU/GPU    262144     Stopping...    

2026-09-26T14:32:48+00:00
MemAvailable_GiB=60.46 SwapUsed_GiB=4.37
VM=pswpin=809994 pswpout=1670980 pgmajfault=5783787
GPU=22676, 19, 147.44, 59
NAME                                        ID              SIZE     PROCESSOR          CONTEXT    UNTIL       
qwen3.8-flash-next:125b-a6b-q8_0-ab-262k    64a2f0455da7    74 GB    73%/27% CPU/GPU    262144     Stopping...    

2026-09-26T14:33:18+00:00
MemAvailable_GiB=60.45 SwapUsed_GiB=4.36
VM=pswpin=813809 pswpout=1671505 pgmajfault=5833233
GPU=22676, 19, 153.36, 59
NAME                                        ID              SIZE     PROCESSOR          CONTEXT    UNTIL       
qwen3.8-flash-next:125b-a6b-q8_0-ab-262k    64a2f0455da7    74 GB    73%/27% CPU/GPU    262144     Stopping...    

2026-09-26T14:33:48+00:00
MemAvailable_GiB=60.46 SwapUsed_GiB=4.37
VM=pswpin=814127 pswpout=1673377 pgmajfault=5871669
GPU=22676, 19, 153.98, 60
NAME                                        ID              SIZE     PROCESSOR          CONTEXT    UNTIL       
qwen3.8-flash-next:125b-a6b-q8_0-ab-262k    64a2f0455da7    74 GB    73%/27% CPU/GPU    262144     Stopping...    

2026-09-26T14:34:18+00:00
MemAvailable_GiB=60.46 SwapUsed_GiB=4.38
VM=pswpin=814817 pswpout=1675455 pgmajfault=5926103
GPU=22676, 5, 135.09, 58
NAME                                        ID              SIZE     PROCESSOR          CONTEXT    UNTIL       
qwen3.8-flash-next:125b-a6b-q8_0-ab-262k    64a2f0455da7    74 GB    73%/27% CPU/GPU    262144     Stopping...    

2026-09-26T14:34:48+00:00
MemAvailable_GiB=60.46 SwapUsed_GiB=4.37
VM=pswpin=819343 pswpout=1679108 pgmajfault=5993008
GPU=22676, 17, 144.18, 59
NAME                                        ID              SIZE     PROCESSOR          CONTEXT    UNTIL       
qwen3.8-flash-next:125b-a6b-q8_0-ab-262k    64a2f0455da7    74 GB    73%/27% CPU/GPU    262144     Stopping...    

2026-09-26T14:35:18+00:00
MemAvailable_GiB=60.44 SwapUsed_GiB=4.36
VM=pswpin=821618 pswpout=1679108 pgmajfault=6022813
GPU=22676, 20, 155.02, 60
NAME                                        ID              SIZE     PROCESSOR          CONTEXT    UNTIL       
qwen3.8-flash-next:125b-a6b-q8_0-ab-262k    64a2f0455da7    74 GB    73%/27% CPU/GPU    262144     Stopping...    

2026-09-26T14:35:48+00:00
MemAvailable_GiB=60.45 SwapUsed_GiB=4.36
VM=pswpin=821838 pswpout=1679316 pgmajfault=6097381
GPU=22676, 17, 146.65, 59
NAME                                        ID              SIZE     PROCESSOR          CONTEXT    UNTIL       
qwen3.8-flash-next:125b-a6b-q8_0-ab-262k    64a2f0455da7    74 GB    73%/27% CPU/GPU    262144     Stopping...    

2026-09-26T14:36:18+00:00
MemAvailable_GiB=60.46 SwapUsed_GiB=4.38
VM=pswpin=822398 pswpout=1683634 pgmajfault=6143626
GPU=22676, 18, 146.01, 59
NAME                                        ID              SIZE     PROCESSOR          CONTEXT    UNTIL       
qwen3.8-flash-next:125b-a6b-q8_0-ab-262k    64a2f0455da7    74 GB    73%/27% CPU/GPU    262144     Stopping...    

2026-09-26T14:36:48+00:00
MemAvailable_GiB=60.45 SwapUsed_GiB=4.37
VM=pswpin=826117 pswpout=1683720 pgmajfault=6186523
GPU=22676, 15, 151.72, 59
NAME                                        ID              SIZE     PROCESSOR          CONTEXT    UNTIL       
qwen3.8-flash-next:125b-a6b-q8_0-ab-262k    64a2f0455da7    74 GB    73%/27% CPU/GPU    262144     Stopping...    

2026-09-26T14:37:18+00:00
MemAvailable_GiB=60.45 SwapUsed_GiB=4.36
VM=pswpin=828357 pswpout=1685381 pgmajfault=6239716
GPU=22676, 8, 140.59, 58
NAME                                        ID              SIZE     PROCESSOR          CONTEXT    UNTIL       
qwen3.8-flash-next:125b-a6b-q8_0-ab-262k    64a2f0455da7    74 GB    73%/27% CPU/GPU    262144     Stopping...    

2026-09-26T14:37:49+00:00
MemAvailable_GiB=60.46 SwapUsed_GiB=4.38
VM=pswpin=828977 pswpout=1689387 pgmajfault=6307907
GPU=22676, 18, 150.20, 59
NAME                                        ID              SIZE     PROCESSOR          CONTEXT    UNTIL       
qwen3.8-flash-next:125b-a6b-q8_0-ab-262k    64a2f0455da7    74 GB    73%/27% CPU/GPU    262144     Stopping...    

2026-09-26T14:38:19+00:00
MemAvailable_GiB=60.47 SwapUsed_GiB=4.39
VM=pswpin=829621 pswpout=1691856 pgmajfault=6362658
GPU=22676, 18, 150.80, 60
NAME                                        ID              SIZE     PROCESSOR          CONTEXT    UNTIL       
qwen3.8-flash-next:125b-a6b-q8_0-ab-262k    64a2f0455da7    74 GB    73%/27% CPU/GPU    262144     Stopping...    

2026-09-26T14:38:49+00:00
MemAvailable_GiB=60.47 SwapUsed_GiB=4.38
VM=pswpin=834093 pswpout=1694510 pgmajfault=6419772
GPU=22676, 20, 154.14, 60
NAME                                        ID              SIZE     PROCESSOR          CONTEXT    UNTIL       
qwen3.8-flash-next:125b-a6b-q8_0-ab-262k    64a2f0455da7    74 GB    73%/27% CPU/GPU    262144     Stopping...    

2026-09-26T14:39:19+00:00
MemAvailable_GiB=60.46 SwapUsed_GiB=4.37
VM=pswpin=837851 pswpout=1695984 pgmajfault=6515974
GPU=22676, 15, 150.02, 59
NAME                                        ID              SIZE     PROCESSOR          CONTEXT    UNTIL       
qwen3.8-flash-next:125b-a6b-q8_0-ab-262k    64a2f0455da7    74 GB    73%/27% CPU/GPU    262144     Stopping...    

2026-09-26T14:39:49+00:00
MemAvailable_GiB=60.47 SwapUsed_GiB=4.38
VM=pswpin=838529 pswpout=1698810 pgmajfault=6608992
GPU=22676, 5, 127.22, 58
NAME                                        ID              SIZE     PROCESSOR          CONTEXT    UNTIL       
qwen3.8-flash-next:125b-a6b-q8_0-ab-262k    64a2f0455da7    74 GB    73%/27% CPU/GPU    262144     Stopping...    

2026-09-26T14:40:19+00:00
MemAvailable_GiB=60.47 SwapUsed_GiB=4.39
VM=pswpin=840168 pswpout=1701634 pgmajfault=6713272
GPU=22676, 10, 139.60, 58
NAME                                        ID              SIZE     PROCESSOR          CONTEXT    UNTIL       
qwen3.8-flash-next:125b-a6b-q8_0-ab-262k    64a2f0455da7    74 GB    73%/27% CPU/GPU    262144     Stopping...    

2026-09-26T14:40:49+00:00
MemAvailable_GiB=60.48 SwapUsed_GiB=4.39
VM=pswpin=844999 pswpout=1708742 pgmajfault=6806334
GPU=22676, 4, 122.82, 57
NAME                                        ID              SIZE     PROCESSOR          CONTEXT    UNTIL       
qwen3.8-flash-next:125b-a6b-q8_0-ab-262k    64a2f0455da7    74 GB    73%/27% CPU/GPU    262144     Stopping...    

2026-09-26T14:41:19+00:00
MemAvailable_GiB=60.46 SwapUsed_GiB=4.39
VM=pswpin=852235 pswpout=1714600 pgmajfault=6922790
GPU=22676, 8, 131.50, 57
NAME                                        ID              SIZE     PROCESSOR          CONTEXT    UNTIL       
qwen3.8-flash-next:125b-a6b-q8_0-ab-262k    64a2f0455da7    74 GB    73%/27% CPU/GPU    262144     Stopping...    

2026-09-26T14:41:50+00:00
MemAvailable_GiB=60.47 SwapUsed_GiB=4.38
VM=pswpin=857640 pswpout=1717219 pgmajfault=7030896
GPU=22676, 9, 133.03, 57
NAME                                        ID              SIZE     PROCESSOR          CONTEXT    UNTIL       
qwen3.8-flash-next:125b-a6b-q8_0-ab-262k    64a2f0455da7    74 GB    73%/27% CPU/GPU    262144     Stopping...    

2026-09-26T14:42:20+00:00
MemAvailable_GiB=60.46 SwapUsed_GiB=4.38
VM=pswpin=866031 pswpout=1724925 pgmajfault=7102700
GPU=22676, 17, 147.70, 58
NAME                                        ID              SIZE     PROCESSOR          CONTEXT    UNTIL       
qwen3.8-flash-next:125b-a6b-q8_0-ab-262k    64a2f0455da7    74 GB    73%/27% CPU/GPU    262144     Stopping...    

2026-09-26T14:42:50+00:00
MemAvailable_GiB=60.46 SwapUsed_GiB=4.37
VM=pswpin=870425 pswpout=1725514 pgmajfault=7162088
GPU=22676, 10, 142.52, 58
NAME                                        ID              SIZE     PROCESSOR          CONTEXT    UNTIL       
qwen3.8-flash-next:125b-a6b-q8_0-ab-262k    64a2f0455da7    74 GB    73%/27% CPU/GPU    262144     Stopping...    

2026-09-26T14:43:20+00:00
MemAvailable_GiB=60.48 SwapUsed_GiB=4.38
VM=pswpin=870630 pswpout=1729419 pgmajfault=7236022
GPU=22676, 3, 129.62, 57
NAME                                        ID              SIZE     PROCESSOR          CONTEXT    UNTIL       
qwen3.8-flash-next:125b-a6b-q8_0-ab-262k    64a2f0455da7    74 GB    73%/27% CPU/GPU    262144     Stopping...    

2026-09-26T14:43:50+00:00
MemAvailable_GiB=60.46 SwapUsed_GiB=4.38
VM=pswpin=881502 pswpout=1738260 pgmajfault=7347497
GPU=22676, 7, 131.43, 57
NAME                                        ID              SIZE     PROCESSOR          CONTEXT    UNTIL       
qwen3.8-flash-next:125b-a6b-q8_0-ab-262k    64a2f0455da7    74 GB    73%/27% CPU/GPU    262144     Stopping...    

2026-09-26T14:44:20+00:00
MemAvailable_GiB=60.47 SwapUsed_GiB=4.38
VM=pswpin=882311 pswpout=1740445 pgmajfault=7455452
GPU=22676, 10, 135.46, 58
NAME                                        ID              SIZE     PROCESSOR          CONTEXT    UNTIL       
qwen3.8-flash-next:125b-a6b-q8_0-ab-262k    64a2f0455da7    74 GB    73%/27% CPU/GPU    262144     Stopping...    

2026-09-26T14:44:50+00:00
MemAvailable_GiB=60.47 SwapUsed_GiB=4.38
VM=pswpin=894026 pswpout=1750133 pgmajfault=7575908
GPU=22676, 9, 134.03, 57
NAME                                        ID              SIZE     PROCESSOR          CONTEXT    UNTIL       
qwen3.8-flash-next:125b-a6b-q8_0-ab-262k    64a2f0455da7    74 GB    73%/27% CPU/GPU    262144     Stopping...    

2026-09-26T14:45:20+00:00
MemAvailable_GiB=60.48 SwapUsed_GiB=4.39
VM=pswpin=901633 pswpout=1759267 pgmajfault=7683548
GPU=22676, 12, 133.54, 57
NAME                                        ID              SIZE     PROCESSOR          CONTEXT    UNTIL       
qwen3.8-flash-next:125b-a6b-q8_0-ab-262k    64a2f0455da7    74 GB    73%/27% CPU/GPU    262144     Stopping...    

2026-09-26T14:45:51+00:00
MemAvailable_GiB=60.47 SwapUsed_GiB=4.38
VM=pswpin=905047 pswpout=1760369 pgmajfault=7817460
GPU=22676, 11, 134.00, 57
NAME                                        ID              SIZE     PROCESSOR          CONTEXT    UNTIL       
qwen3.8-flash-next:125b-a6b-q8_0-ab-262k    64a2f0455da7    74 GB    73%/27% CPU/GPU    262144     Stopping...    

2026-09-26T14:46:21+00:00
MemAvailable_GiB=60.47 SwapUsed_GiB=4.38
VM=pswpin=914328 pswpout=1769473 pgmajfault=7926450
GPU=22676, 6, 132.41, 57
NAME                                        ID              SIZE     PROCESSOR          CONTEXT    UNTIL       
qwen3.8-flash-next:125b-a6b-q8_0-ab-262k    64a2f0455da7    74 GB    73%/27% CPU/GPU    262144     Stopping...    

2026-09-26T14:46:51+00:00
MemAvailable_GiB=60.46 SwapUsed_GiB=4.38
VM=pswpin=917186 pswpout=1770688 pgmajfault=8039992
GPU=22676, 11, 138.53, 57
NAME                                        ID              SIZE     PROCESSOR          CONTEXT    UNTIL       
qwen3.8-flash-next:125b-a6b-q8_0-ab-262k    64a2f0455da7    74 GB    73%/27% CPU/GPU    262144     Stopping...    

2026-09-26T14:47:21+00:00
MemAvailable_GiB=60.32 SwapUsed_GiB=4.34
VM=pswpin=935525 pswpout=1780592 pgmajfault=8141663
GPU=22676, 12, 120.24, 56
NAME                                        ID              SIZE     PROCESSOR          CONTEXT    UNTIL               
qwen3.8-flash-next:125b-a6b-q8_0-ab-262k    64a2f0455da7    74 GB    73%/27% CPU/GPU    262144     29 minutes from now    

2026-09-26T14:47:51+00:00
MemAvailable_GiB=60.16 SwapUsed_GiB=4.19
VM=pswpin=949529 pswpout=1782869 pgmajfault=8209657
GPU=22676, 4, 132.46, 56
NAME                                        ID              SIZE     PROCESSOR          CONTEXT    UNTIL               
qwen3.8-flash-next:125b-a6b-q8_0-ab-262k    64a2f0455da7    74 GB    73%/27% CPU/GPU    262144     29 minutes from now    

2026-09-26T14:48:21+00:00
MemAvailable_GiB=60.36 SwapUsed_GiB=4.41
VM=pswpin=950530 pswpout=1840058 pgmajfault=8308618
GPU=22676, 5, 133.08, 56
NAME                                        ID              SIZE     PROCESSOR          CONTEXT    UNTIL               
qwen3.8-flash-next:125b-a6b-q8_0-ab-262k    64a2f0455da7    74 GB    73%/27% CPU/GPU    262144     28 minutes from now    

2026-09-26T14:48:51+00:00
MemAvailable_GiB=60.43 SwapUsed_GiB=4.47
VM=pswpin=960506 pswpout=1865558 pgmajfault=8422151
GPU=22676, 11, 133.35, 56
NAME                                        ID              SIZE     PROCESSOR          CONTEXT    UNTIL               
qwen3.8-flash-next:125b-a6b-q8_0-ab-262k    64a2f0455da7    74 GB    73%/27% CPU/GPU    262144     28 minutes from now    

2026-09-26T14:49:21+00:00
MemAvailable_GiB=60.15 SwapUsed_GiB=4.20
VM=pswpin=983414 pswpout=1874644 pgmajfault=8528426
GPU=22678, 8, 131.74, 56
NAME                                        ID              SIZE     PROCESSOR          CONTEXT    UNTIL               
qwen3.8-flash-next:125b-a6b-q8_0-ab-262k    64a2f0455da7    74 GB    73%/27% CPU/GPU    262144     29 minutes from now    

2026-09-26T14:49:51+00:00
MemAvailable_GiB=60.35 SwapUsed_GiB=4.39
VM=pswpin=985679 pswpout=1927227 pgmajfault=8641419
GPU=22678, 7, 132.03, 56
NAME                                        ID              SIZE     PROCESSOR          CONTEXT    UNTIL               
qwen3.8-flash-next:125b-a6b-q8_0-ab-262k    64a2f0455da7    74 GB    73%/27% CPU/GPU    262144     29 minutes from now    

2026-09-26T14:50:22+00:00
MemAvailable_GiB=60.50 SwapUsed_GiB=4.55
VM=pswpin=987467 pswpout=1970396 pgmajfault=8767716
GPU=22678, 6, 132.54, 56
NAME                                        ID              SIZE     PROCESSOR          CONTEXT    UNTIL               
qwen3.8-flash-next:125b-a6b-q8_0-ab-262k    64a2f0455da7    74 GB    73%/27% CPU/GPU    262144     28 minutes from now    

2026-09-26T14:50:52+00:00
MemAvailable_GiB=60.50 SwapUsed_GiB=4.54
VM=pswpin=998960 pswpout=1978472 pgmajfault=8875932
GPU=22678, 3, 123.57, 56
NAME                                        ID              SIZE     PROCESSOR          CONTEXT    UNTIL               
qwen3.8-flash-next:125b-a6b-q8_0-ab-262k    64a2f0455da7    74 GB    73%/27% CPU/GPU    262144     28 minutes from now    

2026-09-26T14:51:22+00:00
MemAvailable_GiB=60.49 SwapUsed_GiB=4.54
VM=pswpin=1002139 pswpout=1981818 pgmajfault=8996695
GPU=22678, 7, 134.62, 56
NAME                                        ID              SIZE     PROCESSOR          CONTEXT    UNTIL               
qwen3.8-flash-next:125b-a6b-q8_0-ab-262k    64a2f0455da7    74 GB    73%/27% CPU/GPU    262144     27 minutes from now    

2026-09-26T14:51:52+00:00
MemAvailable_GiB=60.46 SwapUsed_GiB=4.50
VM=pswpin=1013437 pswpout=1982695 pgmajfault=9107559
GPU=22678, 14, 134.13, 57
NAME                                        ID              SIZE     PROCESSOR          CONTEXT    UNTIL               
qwen3.8-flash-next:125b-a6b-q8_0-ab-262k    64a2f0455da7    74 GB    73%/27% CPU/GPU    262144     27 minutes from now    

2026-09-26T14:52:22+00:00
MemAvailable_GiB=60.47 SwapUsed_GiB=4.52
VM=pswpin=1021718 pswpout=1993854 pgmajfault=9219540
GPU=22678, 16, 134.73, 57
NAME                                        ID              SIZE     PROCESSOR          CONTEXT    UNTIL               
qwen3.8-flash-next:125b-a6b-q8_0-ab-262k    64a2f0455da7    74 GB    73%/27% CPU/GPU    262144     26 minutes from now    

2026-09-26T14:52:52+00:00
MemAvailable_GiB=60.49 SwapUsed_GiB=4.54
VM=pswpin=1025101 pswpout=2003411 pgmajfault=9345782
GPU=22678, 8, 130.95, 56
NAME                                        ID              SIZE     PROCESSOR          CONTEXT    UNTIL               
qwen3.8-flash-next:125b-a6b-q8_0-ab-262k    64a2f0455da7    74 GB    73%/27% CPU/GPU    262144     26 minutes from now    

2026-09-26T14:53:22+00:00
MemAvailable_GiB=60.27 SwapUsed_GiB=4.34
VM=pswpin=1049917 pswpout=2004359 pgmajfault=9458927
GPU=22678, 22, 118.14, 55
NAME                                        ID              SIZE     PROCESSOR          CONTEXT    UNTIL               
qwen3.8-flash-next:125b-a6b-q8_0-ab-262k    64a2f0455da7    74 GB    73%/27% CPU/GPU    262144     29 minutes from now    

2026-09-26T14:53:52+00:00
MemAvailable_GiB=60.27 SwapUsed_GiB=4.32
VM=pswpin=1058727 pswpout=2036295 pgmajfault=9580684
GPU=22678, 10, 127.74, 56
NAME                                        ID              SIZE     PROCESSOR          CONTEXT    UNTIL               
qwen3.8-flash-next:125b-a6b-q8_0-ab-262k    64a2f0455da7    74 GB    73%/27% CPU/GPU    262144     29 minutes from now    

2026-09-26T14:54:23+00:00
MemAvailable_GiB=60.43 SwapUsed_GiB=4.48
VM=pswpin=1067499 pswpout=2085595 pgmajfault=9701964
GPU=22678, 4, 132.37, 56
NAME                                        ID              SIZE     PROCESSOR          CONTEXT    UNTIL               
qwen3.8-flash-next:125b-a6b-q8_0-ab-262k    64a2f0455da7    74 GB    73%/27% CPU/GPU    262144     28 minutes from now    

2026-09-26T14:54:53+00:00
MemAvailable_GiB=60.50 SwapUsed_GiB=4.55
VM=pswpin=1070934 pswpout=2106754 pgmajfault=9819864
GPU=22678, 16, 142.36, 57
NAME                                        ID              SIZE     PROCESSOR          CONTEXT    UNTIL               
qwen3.8-flash-next:125b-a6b-q8_0-ab-262k    64a2f0455da7    74 GB    73%/27% CPU/GPU    262144     28 minutes from now    

2026-09-26T14:55:23+00:00
MemAvailable_GiB=60.47 SwapUsed_GiB=4.52
VM=pswpin=1081628 pswpout=2108966 pgmajfault=9935255
GPU=22678, 12, 137.49, 56
NAME                                        ID              SIZE     PROCESSOR          CONTEXT    UNTIL               
qwen3.8-flash-next:125b-a6b-q8_0-ab-262k    64a2f0455da7    74 GB    73%/27% CPU/GPU    262144     27 minutes from now    

2026-09-26T14:55:53+00:00
MemAvailable_GiB=60.47 SwapUsed_GiB=4.52
VM=pswpin=1092238 pswpout=2117873 pgmajfault=10041351
GPU=22678, 10, 130.23, 56
NAME                                        ID              SIZE     PROCESSOR          CONTEXT    UNTIL               
qwen3.8-flash-next:125b-a6b-q8_0-ab-262k    64a2f0455da7    74 GB    73%/27% CPU/GPU    262144     27 minutes from now    

2026-09-26T14:56:23+00:00
MemAvailable_GiB=60.50 SwapUsed_GiB=4.55
VM=pswpin=1093205 pswpout=2128247 pgmajfault=10149789
GPU=22678, 15, 136.33, 57
NAME                                        ID              SIZE     PROCESSOR          CONTEXT    UNTIL               
qwen3.8-flash-next:125b-a6b-q8_0-ab-262k    64a2f0455da7    74 GB    73%/27% CPU/GPU    262144     26 minutes from now    

2026-09-26T14:56:53+00:00
MemAvailable_GiB=60.47 SwapUsed_GiB=4.53
VM=pswpin=1104251 pswpout=2130525 pgmajfault=10277546
GPU=22678, 10, 133.15, 56
NAME                                        ID              SIZE     PROCESSOR          CONTEXT    UNTIL               
qwen3.8-flash-next:125b-a6b-q8_0-ab-262k    64a2f0455da7    74 GB    73%/27% CPU/GPU    262144     26 minutes from now    

2026-09-26T14:57:23+00:00
MemAvailable_GiB=60.16 SwapUsed_GiB=4.22
VM=pswpin=1131723 pswpout=2134960 pgmajfault=10391128
GPU=22678, 8, 127.07, 55
NAME                                        ID              SIZE     PROCESSOR          CONTEXT    UNTIL               
qwen3.8-flash-next:125b-a6b-q8_0-ab-262k    64a2f0455da7    74 GB    73%/27% CPU/GPU    262144     29 minutes from now    

2026-09-26T14:57:53+00:00
MemAvailable_GiB=60.11 SwapUsed_GiB=4.17
VM=pswpin=1136479 pswpout=2184449 pgmajfault=10467298
GPU=22678, 11, 127.98, 56
NAME                                        ID              SIZE     PROCESSOR          CONTEXT    UNTIL               
qwen3.8-flash-next:125b-a6b-q8_0-ab-262k    64a2f0455da7    74 GB    73%/27% CPU/GPU    262144     29 minutes from now    

2026-09-26T14:58:24+00:00
MemAvailable_GiB=60.40 SwapUsed_GiB=4.47
VM=pswpin=1145463 pswpout=2270296 pgmajfault=10550819
GPU=22678, 9, 142.71, 56
NAME                                        ID              SIZE     PROCESSOR          CONTEXT    UNTIL               
qwen3.8-flash-next:125b-a6b-q8_0-ab-262k    64a2f0455da7    74 GB    73%/27% CPU/GPU    262144     29 minutes from now    

2026-09-26T14:58:54+00:00
MemAvailable_GiB=60.39 SwapUsed_GiB=4.46
VM=pswpin=1148750 pswpout=2270722 pgmajfault=10600328
GPU=22678, 14, 151.88, 58
NAME                                        ID              SIZE     PROCESSOR          CONTEXT    UNTIL               
qwen3.8-flash-next:125b-a6b-q8_0-ab-262k    64a2f0455da7    74 GB    73%/27% CPU/GPU    262144     28 minutes from now    

2026-09-26T14:59:24+00:00
MemAvailable_GiB=60.45 SwapUsed_GiB=4.54
VM=pswpin=1149115 pswpout=2292104 pgmajfault=10665978
GPU=22678, 11, 151.09, 58
NAME                                        ID              SIZE     PROCESSOR          CONTEXT    UNTIL               
qwen3.8-flash-next:125b-a6b-q8_0-ab-262k    64a2f0455da7    74 GB    73%/27% CPU/GPU    262144     28 minutes from now    

2026-09-26T14:59:54+00:00
MemAvailable_GiB=60.45 SwapUsed_GiB=4.53
VM=pswpin=1155518 pswpout=2294556 pgmajfault=10723809
GPU=22678, 16, 156.16, 58
NAME                                        ID              SIZE     PROCESSOR          CONTEXT    UNTIL               
qwen3.8-flash-next:125b-a6b-q8_0-ab-262k    64a2f0455da7    74 GB    73%/27% CPU/GPU    262144     27 minutes from now    

2026-09-26T15:00:24+00:00
MemAvailable_GiB=60.45 SwapUsed_GiB=4.53
VM=pswpin=1156678 pswpout=2295905 pgmajfault=10764531
GPU=22678, 21, 151.60, 59
NAME                                        ID              SIZE     PROCESSOR          CONTEXT    UNTIL               
qwen3.8-flash-next:125b-a6b-q8_0-ab-262k    64a2f0455da7    74 GB    73%/27% CPU/GPU    262144     27 minutes from now    

2026-09-26T15:00:54+00:00
MemAvailable_GiB=60.45 SwapUsed_GiB=4.52
VM=pswpin=1159273 pswpout=2295965 pgmajfault=10809550
GPU=22678, 15, 149.34, 59
NAME                                        ID              SIZE     PROCESSOR          CONTEXT    UNTIL               
qwen3.8-flash-next:125b-a6b-q8_0-ab-262k    64a2f0455da7    74 GB    73%/27% CPU/GPU    262144     26 minutes from now    

2026-09-26T15:01:24+00:00
MemAvailable_GiB=60.45 SwapUsed_GiB=4.53
VM=pswpin=1159683 pswpout=2298696 pgmajfault=10846698
GPU=22678, 19, 152.42, 59
NAME                                        ID              SIZE     PROCESSOR          CONTEXT    UNTIL               
qwen3.8-flash-next:125b-a6b-q8_0-ab-262k    64a2f0455da7    74 GB    73%/27% CPU/GPU    262144     26 minutes from now    

2026-09-26T15:01:54+00:00
MemAvailable_GiB=60.45 SwapUsed_GiB=4.53
VM=pswpin=1162726 pswpout=2301523 pgmajfault=10897684
GPU=22678, 11, 144.10, 58
NAME                                        ID              SIZE     PROCESSOR          CONTEXT    UNTIL               
qwen3.8-flash-next:125b-a6b-q8_0-ab-262k    64a2f0455da7    74 GB    73%/27% CPU/GPU    262144     25 minutes from now    

2026-09-26T15:02:24+00:00
MemAvailable_GiB=60.49 SwapUsed_GiB=4.56
VM=pswpin=1163787 pswpout=2312683 pgmajfault=10946317
GPU=22678, 18, 154.32, 59
NAME                                        ID              SIZE     PROCESSOR          CONTEXT    UNTIL               
qwen3.8-flash-next:125b-a6b-q8_0-ab-262k    64a2f0455da7    74 GB    73%/27% CPU/GPU    262144     25 minutes from now    

2026-09-26T15:02:54+00:00
MemAvailable_GiB=60.46 SwapUsed_GiB=4.54
VM=pswpin=1173899 pswpout=2314549 pgmajfault=11027110
GPU=22678, 11, 137.79, 58
NAME                                        ID              SIZE     PROCESSOR          CONTEXT    UNTIL               
qwen3.8-flash-next:125b-a6b-q8_0-ab-262k    64a2f0455da7    74 GB    73%/27% CPU/GPU    262144     24 minutes from now    

2026-09-26T15:03:25+00:00
MemAvailable_GiB=60.48 SwapUsed_GiB=4.55
VM=pswpin=1174712 pswpout=2317844 pgmajfault=11125301
GPU=22678, 8, 135.49, 58
NAME                                        ID              SIZE     PROCESSOR          CONTEXT    UNTIL               
qwen3.8-flash-next:125b-a6b-q8_0-ab-262k    64a2f0455da7    74 GB    73%/27% CPU/GPU    262144     24 minutes from now    

2026-09-26T15:03:55+00:00
MemAvailable_GiB=60.46 SwapUsed_GiB=4.53
VM=pswpin=1187841 pswpout=2325826 pgmajfault=11208006
GPU=22678, 15, 150.28, 59
NAME                                        ID              SIZE     PROCESSOR          CONTEXT    UNTIL               
qwen3.8-flash-next:125b-a6b-q8_0-ab-262k    64a2f0455da7    74 GB    73%/27% CPU/GPU    262144     23 minutes from now    

2026-09-26T15:04:25+00:00
MemAvailable_GiB=60.47 SwapUsed_GiB=4.54
VM=pswpin=1188695 pswpout=2328820 pgmajfault=11288192
GPU=22678, 16, 143.08, 59
NAME                                        ID              SIZE     PROCESSOR          CONTEXT    UNTIL               
qwen3.8-flash-next:125b-a6b-q8_0-ab-262k    64a2f0455da7    74 GB    73%/27% CPU/GPU    262144     23 minutes from now    

2026-09-26T15:04:55+00:00
MemAvailable_GiB=60.47 SwapUsed_GiB=4.53
VM=pswpin=1192080 pswpout=2330777 pgmajfault=11368360
GPU=22678, 7, 141.46, 58
NAME                                        ID              SIZE     PROCESSOR          CONTEXT    UNTIL               
qwen3.8-flash-next:125b-a6b-q8_0-ab-262k    64a2f0455da7    74 GB    73%/27% CPU/GPU    262144     22 minutes from now    

2026-09-26T15:05:25+00:00
MemAvailable_GiB=60.47 SwapUsed_GiB=4.54
VM=pswpin=1193182 pswpout=2334297 pgmajfault=11448275
GPU=22678, 13, 141.10, 58
NAME                                        ID              SIZE     PROCESSOR          CONTEXT    UNTIL               
qwen3.8-flash-next:125b-a6b-q8_0-ab-262k    64a2f0455da7    74 GB    73%/27% CPU/GPU    262144     22 minutes from now    

2026-09-26T15:05:55+00:00
MemAvailable_GiB=60.46 SwapUsed_GiB=4.53
VM=pswpin=1198200 pswpout=2335394 pgmajfault=11522981
GPU=22678, 14, 148.80, 59
NAME                                        ID              SIZE     PROCESSOR          CONTEXT    UNTIL               
qwen3.8-flash-next:125b-a6b-q8_0-ab-262k    64a2f0455da7    74 GB    73%/27% CPU/GPU    262144     21 minutes from now    

2026-09-26T15:06:25+00:00
MemAvailable_GiB=60.46 SwapUsed_GiB=4.54
VM=pswpin=1199426 pswpout=2337837 pgmajfault=11570788
GPU=22678, 20, 157.71, 60
NAME                                        ID              SIZE     PROCESSOR          CONTEXT    UNTIL               
qwen3.8-flash-next:125b-a6b-q8_0-ab-262k    64a2f0455da7    74 GB    73%/27% CPU/GPU    262144     21 minutes from now    

2026-09-26T15:06:55+00:00
MemAvailable_GiB=60.45 SwapUsed_GiB=4.53
VM=pswpin=1202184 pswpout=2337837 pgmajfault=11618286
GPU=22678, 19, 158.72, 60
NAME                                        ID              SIZE     PROCESSOR          CONTEXT    UNTIL               
qwen3.8-flash-next:125b-a6b-q8_0-ab-262k    64a2f0455da7    74 GB    73%/27% CPU/GPU    262144     20 minutes from now    

2026-09-26T15:07:25+00:00
MemAvailable_GiB=60.45 SwapUsed_GiB=4.53
VM=pswpin=1202620 pswpout=2338815 pgmajfault=11657534
GPU=22678, 9, 148.44, 59
NAME                                        ID              SIZE     PROCESSOR          CONTEXT    UNTIL               
qwen3.8-flash-next:125b-a6b-q8_0-ab-262k    64a2f0455da7    74 GB    73%/27% CPU/GPU    262144     20 minutes from now    

2026-09-26T15:07:55+00:00
MemAvailable_GiB=60.47 SwapUsed_GiB=4.56
VM=pswpin=1207699 pswpout=2351070 pgmajfault=11753898
GPU=22678, 10, 135.58, 59
NAME                                        ID              SIZE     PROCESSOR          CONTEXT    UNTIL               
qwen3.8-flash-next:125b-a6b-q8_0-ab-262k    64a2f0455da7    74 GB    73%/27% CPU/GPU    262144     19 minutes from now    

2026-09-26T15:08:25+00:00
MemAvailable_GiB=60.45 SwapUsed_GiB=4.53
VM=pswpin=1215440 pswpout=2352002 pgmajfault=11875850
GPU=22678, 6, 133.05, 58
NAME                                        ID              SIZE     PROCESSOR          CONTEXT    UNTIL               
qwen3.8-flash-next:125b-a6b-q8_0-ab-262k    64a2f0455da7    74 GB    73%/27% CPU/GPU    262144     19 minutes from now    

2026-09-26T15:08:56+00:00
MemAvailable_GiB=60.45 SwapUsed_GiB=4.53
VM=pswpin=1224648 pswpout=2360817 pgmajfault=11992743
GPU=22678, 8, 141.49, 58
NAME                                        ID              SIZE     PROCESSOR          CONTEXT    UNTIL               
qwen3.8-flash-next:125b-a6b-q8_0-ab-262k    64a2f0455da7    74 GB    73%/27% CPU/GPU    262144     18 minutes from now    

2026-09-26T15:09:26+00:00
MemAvailable_GiB=60.48 SwapUsed_GiB=4.55
VM=pswpin=1225902 pswpout=2366811 pgmajfault=12091017
GPU=22678, 14, 132.78, 58
NAME                                        ID              SIZE     PROCESSOR          CONTEXT    UNTIL               
qwen3.8-flash-next:125b-a6b-q8_0-ab-262k    64a2f0455da7    74 GB    73%/27% CPU/GPU    262144     18 minutes from now    

2026-09-26T15:09:56+00:00
MemAvailable_GiB=60.46 SwapUsed_GiB=4.54
VM=pswpin=1238241 pswpout=2374694 pgmajfault=12184224
GPU=22678, 15, 144.69, 58
NAME                                        ID              SIZE     PROCESSOR          CONTEXT    UNTIL               
qwen3.8-flash-next:125b-a6b-q8_0-ab-262k    64a2f0455da7    74 GB    73%/27% CPU/GPU    262144     17 minutes from now    

2026-09-26T15:10:26+00:00
MemAvailable_GiB=60.44 SwapUsed_GiB=4.55
VM=pswpin=1245768 pswpout=2384092 pgmajfault=12271256
GPU=22678, 10, 146.29, 58
NAME                                        ID              SIZE     PROCESSOR          CONTEXT    UNTIL               
qwen3.8-flash-next:125b-a6b-q8_0-ab-262k    64a2f0455da7    74 GB    73%/27% CPU/GPU    262144     17 minutes from now    

2026-09-26T15:10:56+00:00
MemAvailable_GiB=60.46 SwapUsed_GiB=4.54
VM=pswpin=1255262 pswpout=2391487 pgmajfault=12370230
GPU=22678, 17, 147.43, 58
NAME                                        ID              SIZE     PROCESSOR          CONTEXT    UNTIL               
qwen3.8-flash-next:125b-a6b-q8_0-ab-262k    64a2f0455da7    74 GB    73%/27% CPU/GPU    262144     16 minutes from now    

2026-09-26T15:11:26+00:00
MemAvailable_GiB=60.50 SwapUsed_GiB=4.58
VM=pswpin=1256417 pswpout=2402046 pgmajfault=12469941
GPU=22678, 12, 136.24, 58
NAME                                        ID              SIZE     PROCESSOR          CONTEXT    UNTIL               
qwen3.8-flash-next:125b-a6b-q8_0-ab-262k    64a2f0455da7    74 GB    73%/27% CPU/GPU    262144     16 minutes from now    

2026-09-26T15:11:56+00:00
MemAvailable_GiB=60.47 SwapUsed_GiB=4.54
VM=pswpin=1269729 pswpout=2405086 pgmajfault=12589280
GPU=22678, 5, 137.92, 57
NAME                                        ID              SIZE     PROCESSOR          CONTEXT    UNTIL               
qwen3.8-flash-next:125b-a6b-q8_0-ab-262k    64a2f0455da7    74 GB    73%/27% CPU/GPU    262144     15 minutes from now    

2026-09-26T15:12:27+00:00
MemAvailable_GiB=60.48 SwapUsed_GiB=4.55
VM=pswpin=1278467 pswpout=2414843 pgmajfault=12694341
GPU=22678, 7, 133.29, 58
NAME                                        ID              SIZE     PROCESSOR          CONTEXT    UNTIL               
qwen3.8-flash-next:125b-a6b-q8_0-ab-262k    64a2f0455da7    74 GB    73%/27% CPU/GPU    262144     15 minutes from now    

2026-09-26T15:12:57+00:00
MemAvailable_GiB=60.49 SwapUsed_GiB=4.56
VM=pswpin=1283273 pswpout=2424504 pgmajfault=12799751
GPU=22678, 13, 139.17, 58
NAME                                        ID              SIZE     PROCESSOR          CONTEXT    UNTIL               
qwen3.8-flash-next:125b-a6b-q8_0-ab-262k    64a2f0455da7    74 GB    73%/27% CPU/GPU    262144     14 minutes from now    

2026-09-26T15:13:27+00:00
MemAvailable_GiB=60.47 SwapUsed_GiB=4.54
VM=pswpin=1292165 pswpout=2426022 pgmajfault=12895215
GPU=22678, 18, 146.56, 58
NAME                                        ID              SIZE     PROCESSOR          CONTEXT    UNTIL               
qwen3.8-flash-next:125b-a6b-q8_0-ab-262k    64a2f0455da7    74 GB    73%/27% CPU/GPU    262144     14 minutes from now    

2026-09-26T15:13:57+00:00
MemAvailable_GiB=60.46 SwapUsed_GiB=4.53
VM=pswpin=1305587 pswpout=2435969 pgmajfault=12996047
GPU=22678, 6, 129.51, 57
NAME                                        ID              SIZE     PROCESSOR          CONTEXT    UNTIL               
qwen3.8-flash-next:125b-a6b-q8_0-ab-262k    64a2f0455da7    74 GB    73%/27% CPU/GPU    262144     13 minutes from now    

2026-09-26T15:14:27+00:00
MemAvailable_GiB=60.50 SwapUsed_GiB=4.57
VM=pswpin=1306903 pswpout=2447869 pgmajfault=13112887
GPU=22678, 10, 139.57, 58
NAME                                        ID              SIZE     PROCESSOR          CONTEXT    UNTIL               
qwen3.8-flash-next:125b-a6b-q8_0-ab-262k    64a2f0455da7    74 GB    73%/27% CPU/GPU    262144     13 minutes from now    

2026-09-26T15:14:57+00:00
MemAvailable_GiB=60.47 SwapUsed_GiB=4.54
VM=pswpin=1317838 pswpout=2448246 pgmajfault=13210163
GPU=22678, 7, 138.09, 58
NAME                                        ID              SIZE     PROCESSOR          CONTEXT    UNTIL               
qwen3.8-flash-next:125b-a6b-q8_0-ab-262k    64a2f0455da7    74 GB    73%/27% CPU/GPU    262144     12 minutes from now    

2026-09-26T15:15:27+00:00
MemAvailable_GiB=60.47 SwapUsed_GiB=4.54
VM=pswpin=1318777 pswpout=2450453 pgmajfault=13305434
GPU=22678, 10, 130.72, 58
NAME                                        ID              SIZE     PROCESSOR          CONTEXT    UNTIL               
qwen3.8-flash-next:125b-a6b-q8_0-ab-262k    64a2f0455da7    74 GB    73%/27% CPU/GPU    262144     12 minutes from now    

2026-09-26T15:15:57+00:00
MemAvailable_GiB=60.46 SwapUsed_GiB=4.53
VM=pswpin=1332404 pswpout=2459928 pgmajfault=13422904
GPU=22678, 10, 139.71, 58
NAME                                        ID              SIZE     PROCESSOR          CONTEXT    UNTIL               
qwen3.8-flash-next:125b-a6b-q8_0-ab-262k    64a2f0455da7    74 GB    73%/27% CPU/GPU    262144     11 minutes from now    

2026-09-26T15:16:27+00:00
MemAvailable_GiB=60.49 SwapUsed_GiB=4.56
VM=pswpin=1333458 pswpout=2469682 pgmajfault=13514023
GPU=22678, 10, 132.89, 58
NAME                                        ID              SIZE     PROCESSOR          CONTEXT    UNTIL               
qwen3.8-flash-next:125b-a6b-q8_0-ab-262k    64a2f0455da7    74 GB    73%/27% CPU/GPU    262144     11 minutes from now    

2026-09-26T15:16:58+00:00
MemAvailable_GiB=60.46 SwapUsed_GiB=4.53
VM=pswpin=1342854 pswpout=2470201 pgmajfault=13611077
GPU=22678, 12, 142.75, 58
NAME                                        ID              SIZE     PROCESSOR          CONTEXT    UNTIL               
qwen3.8-flash-next:125b-a6b-q8_0-ab-262k    64a2f0455da7    74 GB    73%/27% CPU/GPU    262144     10 minutes from now    

2026-09-26T15:17:28+00:00
MemAvailable_GiB=60.47 SwapUsed_GiB=4.54
VM=pswpin=1350553 pswpout=2479229 pgmajfault=13714007
GPU=22678, 17, 143.65, 58
NAME                                        ID              SIZE     PROCESSOR          CONTEXT    UNTIL               
qwen3.8-flash-next:125b-a6b-q8_0-ab-262k    64a2f0455da7    74 GB    73%/27% CPU/GPU    262144     10 minutes from now    

2026-09-26T15:17:58+00:00
MemAvailable_GiB=60.50 SwapUsed_GiB=4.56
VM=pswpin=1354924 pswpout=2488970 pgmajfault=13814275
GPU=22678, 7, 138.41, 57
NAME                                        ID              SIZE     PROCESSOR          CONTEXT    UNTIL              
qwen3.8-flash-next:125b-a6b-q8_0-ab-262k    64a2f0455da7    74 GB    73%/27% CPU/GPU    262144     9 minutes from now    

2026-09-26T15:18:28+00:00
MemAvailable_GiB=60.46 SwapUsed_GiB=4.54
VM=pswpin=1362944 pswpout=2490530 pgmajfault=13927823
GPU=22678, 10, 137.89, 57
NAME                                        ID              SIZE     PROCESSOR          CONTEXT    UNTIL              
qwen3.8-flash-next:125b-a6b-q8_0-ab-262k    64a2f0455da7    74 GB    73%/27% CPU/GPU    262144     9 minutes from now    

2026-09-26T15:18:58+00:00
MemAvailable_GiB=60.47 SwapUsed_GiB=4.54
VM=pswpin=1372768 pswpout=2498865 pgmajfault=14027720
GPU=22678, 11, 141.50, 58
NAME                                        ID              SIZE     PROCESSOR          CONTEXT    UNTIL              
qwen3.8-flash-next:125b-a6b-q8_0-ab-262k    64a2f0455da7    74 GB    73%/27% CPU/GPU    262144     8 minutes from now    

2026-09-26T15:19:28+00:00
MemAvailable_GiB=60.51 SwapUsed_GiB=4.57
VM=pswpin=1373841 pswpout=2508973 pgmajfault=14125222
GPU=22678, 6, 137.47, 57
NAME                                        ID              SIZE     PROCESSOR          CONTEXT    UNTIL              
qwen3.8-flash-next:125b-a6b-q8_0-ab-262k    64a2f0455da7    74 GB    73%/27% CPU/GPU    262144     8 minutes from now    

2026-09-26T15:19:58+00:00
MemAvailable_GiB=60.46 SwapUsed_GiB=4.53
VM=pswpin=1386946 pswpout=2510209 pgmajfault=14244504
GPU=22678, 13, 139.01, 58
NAME                                        ID              SIZE     PROCESSOR          CONTEXT    UNTIL              
qwen3.8-flash-next:125b-a6b-q8_0-ab-262k    64a2f0455da7    74 GB    73%/27% CPU/GPU    262144     7 minutes from now    

2026-09-26T15:20:28+00:00
MemAvailable_GiB=60.47 SwapUsed_GiB=4.54
VM=pswpin=1396546 pswpout=2519933 pgmajfault=14347525
GPU=22678, 10, 145.27, 57
NAME                                        ID              SIZE     PROCESSOR          CONTEXT    UNTIL              
qwen3.8-flash-next:125b-a6b-q8_0-ab-262k    64a2f0455da7    74 GB    73%/27% CPU/GPU    262144     7 minutes from now    

2026-09-26T15:20:59+00:00
MemAvailable_GiB=60.49 SwapUsed_GiB=4.57
VM=pswpin=1399670 pswpout=2530722 pgmajfault=14454028
GPU=22678, 8, 135.71, 57
NAME                                        ID              SIZE     PROCESSOR          CONTEXT    UNTIL              
qwen3.8-flash-next:125b-a6b-q8_0-ab-262k    64a2f0455da7    74 GB    73%/27% CPU/GPU    262144     6 minutes from now    

2026-09-26T15:21:29+00:00
MemAvailable_GiB=60.48 SwapUsed_GiB=4.54
VM=pswpin=1408548 pswpout=2533288 pgmajfault=14566891
GPU=22678, 7, 136.80, 57
NAME                                        ID              SIZE     PROCESSOR          CONTEXT    UNTIL              
qwen3.8-flash-next:125b-a6b-q8_0-ab-262k    64a2f0455da7    74 GB    73%/27% CPU/GPU    262144     6 minutes from now    

2026-09-26T15:21:59+00:00
MemAvailable_GiB=60.46 SwapUsed_GiB=4.54
VM=pswpin=1421914 pswpout=2543720 pgmajfault=14679326
GPU=22678, 12, 138.69, 58
NAME                                        ID              SIZE     PROCESSOR          CONTEXT    UNTIL              
qwen3.8-flash-next:125b-a6b-q8_0-ab-262k    64a2f0455da7    74 GB    73%/27% CPU/GPU    262144     5 minutes from now    

2026-09-26T15:22:29+00:00
MemAvailable_GiB=60.50 SwapUsed_GiB=4.57
VM=pswpin=1423321 pswpout=2553597 pgmajfault=14778579
GPU=22678, 10, 143.71, 58
NAME                                        ID              SIZE     PROCESSOR          CONTEXT    UNTIL              
qwen3.8-flash-next:125b-a6b-q8_0-ab-262k    64a2f0455da7    74 GB    73%/27% CPU/GPU    262144     5 minutes from now    

2026-09-26T15:22:59+00:00
MemAvailable_GiB=60.46 SwapUsed_GiB=4.54
VM=pswpin=1433822 pswpout=2554686 pgmajfault=14872825
GPU=22678, 10, 140.80, 58
NAME                                        ID              SIZE     PROCESSOR          CONTEXT    UNTIL              
qwen3.8-flash-next:125b-a6b-q8_0-ab-262k    64a2f0455da7    74 GB    73%/27% CPU/GPU    262144     4 minutes from now    

2026-09-26T15:23:29+00:00
MemAvailable_GiB=60.47 SwapUsed_GiB=4.54
VM=pswpin=1434690 pswpout=2557177 pgmajfault=14968407
GPU=22678, 10, 143.44, 58
NAME                                        ID              SIZE     PROCESSOR          CONTEXT    UNTIL              
qwen3.8-flash-next:125b-a6b-q8_0-ab-262k    64a2f0455da7    74 GB    73%/27% CPU/GPU    262144     4 minutes from now    

2026-09-26T15:23:59+00:00
MemAvailable_GiB=60.46 SwapUsed_GiB=4.54
VM=pswpin=1447900 pswpout=2567455 pgmajfault=15082904
GPU=22678, 5, 137.63, 57
NAME                                        ID              SIZE     PROCESSOR          CONTEXT    UNTIL              
qwen3.8-flash-next:125b-a6b-q8_0-ab-262k    64a2f0455da7    74 GB    73%/27% CPU/GPU    262144     3 minutes from now    

2026-09-26T15:24:30+00:00
MemAvailable_GiB=60.50 SwapUsed_GiB=4.57
VM=pswpin=1449665 pswpout=2577032 pgmajfault=15181791
GPU=22678, 7, 131.34, 57
NAME                                        ID              SIZE     PROCESSOR          CONTEXT    UNTIL              
qwen3.8-flash-next:125b-a6b-q8_0-ab-262k    64a2f0455da7    74 GB    73%/27% CPU/GPU    262144     3 minutes from now    

2026-09-26T15:25:00+00:00
MemAvailable_GiB=60.46 SwapUsed_GiB=4.53
VM=pswpin=1460728 pswpout=2577606 pgmajfault=15271580
GPU=22678, 8, 131.53, 58
NAME                                        ID              SIZE     PROCESSOR          CONTEXT    UNTIL              
qwen3.8-flash-next:125b-a6b-q8_0-ab-262k    64a2f0455da7    74 GB    73%/27% CPU/GPU    262144     2 minutes from now    

2026-09-26T15:25:30+00:00
MemAvailable_GiB=60.47 SwapUsed_GiB=4.54
VM=pswpin=1467869 pswpout=2585983 pgmajfault=15364078
GPU=22678, 7, 143.52, 58
NAME                                        ID              SIZE     PROCESSOR          CONTEXT    UNTIL              
qwen3.8-flash-next:125b-a6b-q8_0-ab-262k    64a2f0455da7    74 GB    73%/27% CPU/GPU    262144     2 minutes from now    

2026-09-26T15:26:00+00:00
MemAvailable_GiB=60.47 SwapUsed_GiB=4.55
VM=pswpin=1477348 pswpout=2597726 pgmajfault=15475300
GPU=22678, 11, 140.99, 58
NAME                                        ID              SIZE     PROCESSOR          CONTEXT    UNTIL                   
qwen3.8-flash-next:125b-a6b-q8_0-ab-262k    64a2f0455da7    74 GB    73%/27% CPU/GPU    262144     About a minute from now    

2026-09-26T15:26:30+00:00
MemAvailable_GiB=60.47 SwapUsed_GiB=4.54
VM=pswpin=1482280 pswpout=2599157 pgmajfault=15599008
GPU=22678, 9, 138.45, 58
NAME                                        ID              SIZE     PROCESSOR          CONTEXT    UNTIL               
qwen3.8-flash-next:125b-a6b-q8_0-ab-262k    64a2f0455da7    74 GB    73%/27% CPU/GPU    262144     59 seconds from now    

2026-09-26T15:27:00+00:00
MemAvailable_GiB=60.46 SwapUsed_GiB=4.53
VM=pswpin=1493066 pswpout=2607788 pgmajfault=15713385
GPU=22678, 15, 145.24, 58
NAME                                        ID              SIZE     PROCESSOR          CONTEXT    UNTIL               
qwen3.8-flash-next:125b-a6b-q8_0-ab-262k    64a2f0455da7    74 GB    73%/27% CPU/GPU    262144     29 seconds from now    

2026-09-26T15:27:30+00:00
MemAvailable_GiB=60.49 SwapUsed_GiB=4.56
VM=pswpin=1494283 pswpout=2617134 pgmajfault=15830773
GPU=22678, 5, 135.67, 57
NAME                                        ID              SIZE     PROCESSOR          CONTEXT    UNTIL       
qwen3.8-flash-next:125b-a6b-q8_0-ab-262k    64a2f0455da7    74 GB    73%/27% CPU/GPU    262144     Stopping...    

2026-09-26T15:28:00+00:00
MemAvailable_GiB=60.46 SwapUsed_GiB=4.53
VM=pswpin=1506959 pswpout=2618958 pgmajfault=15933859
GPU=22678, 14, 138.62, 58
NAME                                        ID              SIZE     PROCESSOR          CONTEXT    UNTIL       
qwen3.8-flash-next:125b-a6b-q8_0-ab-262k    64a2f0455da7    74 GB    73%/27% CPU/GPU    262144     Stopping...    

2026-09-26T15:28:31+00:00
MemAvailable_GiB=60.46 SwapUsed_GiB=4.54
VM=pswpin=1514898 pswpout=2629284 pgmajfault=16029333
GPU=22678, 6, 138.09, 57
NAME                                        ID              SIZE     PROCESSOR          CONTEXT    UNTIL       
qwen3.8-flash-next:125b-a6b-q8_0-ab-262k    64a2f0455da7    74 GB    73%/27% CPU/GPU    262144     Stopping...    

2026-09-26T15:29:01+00:00
MemAvailable_GiB=60.46 SwapUsed_GiB=4.54
VM=pswpin=1517924 pswpout=2633068 pgmajfault=16147101
GPU=22678, 6, 137.57, 57
NAME                                        ID              SIZE     PROCESSOR          CONTEXT    UNTIL       
qwen3.8-flash-next:125b-a6b-q8_0-ab-262k    64a2f0455da7    74 GB    73%/27% CPU/GPU    262144     Stopping...    

2026-09-26T15:29:31+00:00
MemAvailable_GiB=60.46 SwapUsed_GiB=4.54
VM=pswpin=1527571 pswpout=2640867 pgmajfault=16258477
GPU=22678, 8, 137.01, 57
NAME                                        ID              SIZE     PROCESSOR          CONTEXT    UNTIL       
qwen3.8-flash-next:125b-a6b-q8_0-ab-262k    64a2f0455da7    74 GB    73%/27% CPU/GPU    262144     Stopping...    

2026-09-26T15:30:01+00:00
MemAvailable_GiB=60.46 SwapUsed_GiB=4.53
VM=pswpin=1538693 pswpout=2648861 pgmajfault=16359733
GPU=22678, 8, 134.86, 57
NAME                                        ID              SIZE     PROCESSOR          CONTEXT    UNTIL       
qwen3.8-flash-next:125b-a6b-q8_0-ab-262k    64a2f0455da7    74 GB    73%/27% CPU/GPU    262144     Stopping...    

2026-09-26T15:30:31+00:00
MemAvailable_GiB=60.49 SwapUsed_GiB=4.56
VM=pswpin=1540708 pswpout=2658797 pgmajfault=16466652
GPU=22678, 16, 148.21, 58
NAME                                        ID              SIZE     PROCESSOR          CONTEXT    UNTIL       
qwen3.8-flash-next:125b-a6b-q8_0-ab-262k    64a2f0455da7    74 GB    73%/27% CPU/GPU    262144     Stopping...    

2026-09-26T15:31:01+00:00
MemAvailable_GiB=60.46 SwapUsed_GiB=4.53
VM=pswpin=1551650 pswpout=2661455 pgmajfault=16573485
GPU=22678, 15, 146.87, 58
NAME                                        ID              SIZE     PROCESSOR          CONTEXT    UNTIL       
qwen3.8-flash-next:125b-a6b-q8_0-ab-262k    64a2f0455da7    74 GB    73%/27% CPU/GPU    262144     Stopping...    

2026-09-26T15:31:31+00:00
MemAvailable_GiB=60.46 SwapUsed_GiB=4.53
VM=pswpin=1560863 pswpout=2670459 pgmajfault=16679483
GPU=22678, 8, 130.30, 57
NAME                                        ID              SIZE     PROCESSOR          CONTEXT    UNTIL       
qwen3.8-flash-next:125b-a6b-q8_0-ab-262k    64a2f0455da7    74 GB    73%/27% CPU/GPU    262144     Stopping...    

2026-09-26T15:32:02+00:00
MemAvailable_GiB=60.45 SwapUsed_GiB=4.53
VM=pswpin=1565478 pswpout=2672852 pgmajfault=16774420
GPU=22678, 15, 143.43, 58
NAME                                        ID              SIZE     PROCESSOR          CONTEXT    UNTIL       
qwen3.8-flash-next:125b-a6b-q8_0-ab-262k    64a2f0455da7    74 GB    73%/27% CPU/GPU    262144     Stopping...    

2026-09-26T15:32:32+00:00
MemAvailable_GiB=60.47 SwapUsed_GiB=4.54
VM=pswpin=1566513 pswpout=2676592 pgmajfault=16866387
GPU=22678, 10, 142.60, 58
NAME                                        ID              SIZE     PROCESSOR          CONTEXT    UNTIL       
qwen3.8-flash-next:125b-a6b-q8_0-ab-262k    64a2f0455da7    74 GB    73%/27% CPU/GPU    262144     Stopping...    

2026-09-26T15:33:02+00:00
MemAvailable_GiB=60.46 SwapUsed_GiB=4.54
VM=pswpin=1577509 pswpout=2685833 pgmajfault=16969367
GPU=22678, 7, 146.28, 58
NAME                                        ID              SIZE     PROCESSOR          CONTEXT    UNTIL       
qwen3.8-flash-next:125b-a6b-q8_0-ab-262k    64a2f0455da7    74 GB    73%/27% CPU/GPU    262144     Stopping...    

2026-09-26T15:33:32+00:00
MemAvailable_GiB=60.48 SwapUsed_GiB=4.56
VM=pswpin=1580660 pswpout=2694325 pgmajfault=17074721
GPU=22678, 11, 131.54, 58
NAME                                        ID              SIZE     PROCESSOR          CONTEXT    UNTIL       
qwen3.8-flash-next:125b-a6b-q8_0-ab-262k    64a2f0455da7    74 GB    73%/27% CPU/GPU    262144     Stopping...    

2026-09-26T15:34:02+00:00
MemAvailable_GiB=60.46 SwapUsed_GiB=4.54
VM=pswpin=1591147 pswpout=2699342 pgmajfault=17199071
GPU=22678, 9, 135.28, 57
NAME                                        ID              SIZE     PROCESSOR          CONTEXT    UNTIL       
qwen3.8-flash-next:125b-a6b-q8_0-ab-262k    64a2f0455da7    74 GB    73%/27% CPU/GPU    262144     Stopping...    

2026-09-26T15:34:32+00:00
MemAvailable_GiB=60.47 SwapUsed_GiB=4.53
VM=pswpin=1599393 pswpout=2705373 pgmajfault=17295310
GPU=22678, 11, 140.45, 58
NAME                                        ID              SIZE     PROCESSOR          CONTEXT    UNTIL       
qwen3.8-flash-next:125b-a6b-q8_0-ab-262k    64a2f0455da7    74 GB    73%/27% CPU/GPU    262144     Stopping...    

2026-09-26T15:35:02+00:00
MemAvailable_GiB=60.47 SwapUsed_GiB=4.54
VM=pswpin=1602670 pswpout=2709019 pgmajfault=17389263
GPU=22678, 11, 139.88, 58
NAME                                        ID              SIZE     PROCESSOR          CONTEXT    UNTIL       
qwen3.8-flash-next:125b-a6b-q8_0-ab-262k    64a2f0455da7    74 GB    73%/27% CPU/GPU    262144     Stopping...    

2026-09-26T15:35:32+00:00
MemAvailable_GiB=60.49 SwapUsed_GiB=4.56
VM=pswpin=1605664 pswpout=2718348 pgmajfault=17499929
GPU=22678, 14, 144.68, 58
NAME                                        ID              SIZE     PROCESSOR          CONTEXT    UNTIL       
qwen3.8-flash-next:125b-a6b-q8_0-ab-262k    64a2f0455da7    74 GB    73%/27% CPU/GPU    262144     Stopping...    

2026-09-26T15:36:03+00:00
MemAvailable_GiB=60.45 SwapUsed_GiB=4.53
VM=pswpin=1616330 pswpout=2719286 pgmajfault=17600673
GPU=22678, 14, 148.74, 58
NAME                                        ID              SIZE     PROCESSOR          CONTEXT    UNTIL       
qwen3.8-flash-next:125b-a6b-q8_0-ab-262k    64a2f0455da7    74 GB    73%/27% CPU/GPU    262144     Stopping...    

2026-09-26T15:36:33+00:00
MemAvailable_GiB=60.46 SwapUsed_GiB=4.53
VM=pswpin=1623771 pswpout=2727588 pgmajfault=17685368
GPU=22678, 11, 141.51, 58
NAME                                        ID              SIZE     PROCESSOR          CONTEXT    UNTIL       
qwen3.8-flash-next:125b-a6b-q8_0-ab-262k    64a2f0455da7    74 GB    73%/27% CPU/GPU    262144     Stopping...    

2026-09-26T15:37:03+00:00
MemAvailable_GiB=60.48 SwapUsed_GiB=4.55
VM=pswpin=1626925 pswpout=2735868 pgmajfault=17799441
GPU=22678, 13, 133.71, 58
NAME                                        ID              SIZE     PROCESSOR          CONTEXT    UNTIL       
qwen3.8-flash-next:125b-a6b-q8_0-ab-262k    64a2f0455da7    74 GB    73%/27% CPU/GPU    262144     Stopping...    

2026-09-26T15:37:33+00:00
MemAvailable_GiB=60.46 SwapUsed_GiB=4.53
VM=pswpin=1637729 pswpout=2739879 pgmajfault=17928467
GPU=22678, 7, 136.33, 57
NAME                                        ID              SIZE     PROCESSOR          CONTEXT    UNTIL       
qwen3.8-flash-next:125b-a6b-q8_0-ab-262k    64a2f0455da7    74 GB    73%/27% CPU/GPU    262144     Stopping...    

2026-09-26T15:38:03+00:00
MemAvailable_GiB=60.45 SwapUsed_GiB=4.54
VM=pswpin=1648472 pswpout=2750742 pgmajfault=18030765
GPU=22678, 13, 135.40, 58
NAME                                        ID              SIZE     PROCESSOR          CONTEXT    UNTIL       
qwen3.8-flash-next:125b-a6b-q8_0-ab-262k    64a2f0455da7    74 GB    73%/27% CPU/GPU    262144     Stopping...    

2026-09-26T15:38:33+00:00
MemAvailable_GiB=60.46 SwapUsed_GiB=4.53
VM=pswpin=1649845 pswpout=2751639 pgmajfault=18124720
GPU=22678, 16, 147.96, 58
NAME                                        ID              SIZE     PROCESSOR          CONTEXT    UNTIL       
qwen3.8-flash-next:125b-a6b-q8_0-ab-262k    64a2f0455da7    74 GB    73%/27% CPU/GPU    262144     Stopping...    

2026-09-26T15:39:03+00:00
MemAvailable_GiB=60.46 SwapUsed_GiB=4.53
VM=pswpin=1659541 pswpout=2760316 pgmajfault=18233538
GPU=22678, 12, 143.33, 58
NAME                                        ID              SIZE     PROCESSOR          CONTEXT    UNTIL       
qwen3.8-flash-next:125b-a6b-q8_0-ab-262k    64a2f0455da7    74 GB    73%/27% CPU/GPU    262144     Stopping...    

2026-09-26T15:39:33+00:00
MemAvailable_GiB=60.47 SwapUsed_GiB=4.54
VM=pswpin=1662682 pswpout=2764306 pgmajfault=18341332
GPU=22678, 9, 143.33, 58
NAME                                        ID              SIZE     PROCESSOR          CONTEXT    UNTIL       
qwen3.8-flash-next:125b-a6b-q8_0-ab-262k    64a2f0455da7    74 GB    73%/27% CPU/GPU    262144     Stopping...    

2026-09-26T15:40:03+00:00
MemAvailable_GiB=60.49 SwapUsed_GiB=4.56
VM=pswpin=1666402 pswpout=2773396 pgmajfault=18452902
GPU=22678, 9, 139.83, 57
NAME                                        ID              SIZE     PROCESSOR          CONTEXT    UNTIL       
qwen3.8-flash-next:125b-a6b-q8_0-ab-262k    64a2f0455da7    74 GB    73%/27% CPU/GPU    262144     Stopping...    

2026-09-26T15:40:34+00:00
MemAvailable_GiB=60.46 SwapUsed_GiB=4.53
VM=pswpin=1676429 pswpout=2775442 pgmajfault=18558925
GPU=22678, 17, 147.56, 58
NAME                                        ID              SIZE     PROCESSOR          CONTEXT    UNTIL       
qwen3.8-flash-next:125b-a6b-q8_0-ab-262k    64a2f0455da7    74 GB    73%/27% CPU/GPU    262144     Stopping...    

2026-09-26T15:41:04+00:00
MemAvailable_GiB=60.47 SwapUsed_GiB=4.54
VM=pswpin=1686360 pswpout=2785945 pgmajfault=18667533
GPU=22678, 12, 145.73, 58
NAME                                        ID              SIZE     PROCESSOR          CONTEXT    UNTIL       
qwen3.8-flash-next:125b-a6b-q8_0-ab-262k    64a2f0455da7    74 GB    73%/27% CPU/GPU    262144     Stopping...    

2026-09-26T15:41:34+00:00
MemAvailable_GiB=60.48 SwapUsed_GiB=4.55
VM=pswpin=1689332 pswpout=2792646 pgmajfault=18762278
GPU=22678, 6, 142.90, 58
NAME                                        ID              SIZE     PROCESSOR          CONTEXT    UNTIL       
qwen3.8-flash-next:125b-a6b-q8_0-ab-262k    64a2f0455da7    74 GB    73%/27% CPU/GPU    262144     Stopping...    

2026-09-26T15:42:04+00:00
MemAvailable_GiB=60.45 SwapUsed_GiB=4.52
VM=pswpin=1698906 pswpout=2793685 pgmajfault=18855870
GPU=22678, 3, 144.22, 58
NAME                                        ID              SIZE     PROCESSOR          CONTEXT    UNTIL       
qwen3.8-flash-next:125b-a6b-q8_0-ab-262k    64a2f0455da7    74 GB    73%/27% CPU/GPU    262144     Stopping...    

2026-09-26T15:42:34+00:00
MemAvailable_GiB=60.46 SwapUsed_GiB=4.54
VM=pswpin=1707357 pswpout=2804626 pgmajfault=18972016
GPU=22678, 15, 138.93, 58
NAME                                        ID              SIZE     PROCESSOR          CONTEXT    UNTIL       
qwen3.8-flash-next:125b-a6b-q8_0-ab-262k    64a2f0455da7    74 GB    73%/27% CPU/GPU    262144     Stopping...    

2026-09-26T15:43:04+00:00
MemAvailable_GiB=60.50 SwapUsed_GiB=4.56
VM=pswpin=1710360 pswpout=2815095 pgmajfault=19082662
GPU=22678, 11, 137.28, 58
NAME                                        ID              SIZE     PROCESSOR          CONTEXT    UNTIL       
qwen3.8-flash-next:125b-a6b-q8_0-ab-262k    64a2f0455da7    74 GB    73%/27% CPU/GPU    262144     Stopping...    

2026-09-26T15:43:34+00:00
MemAvailable_GiB=60.46 SwapUsed_GiB=4.54
VM=pswpin=1721129 pswpout=2817619 pgmajfault=19180959
GPU=22678, 10, 148.12, 58
NAME                                        ID              SIZE     PROCESSOR          CONTEXT    UNTIL       
qwen3.8-flash-next:125b-a6b-q8_0-ab-262k    64a2f0455da7    74 GB    73%/27% CPU/GPU    262144     Stopping...    

2026-09-26T15:44:04+00:00
MemAvailable_GiB=60.46 SwapUsed_GiB=4.53
VM=pswpin=1731935 pswpout=2825193 pgmajfault=19267628
GPU=22678, 14, 146.76, 58
NAME                                        ID              SIZE     PROCESSOR          CONTEXT    UNTIL       
qwen3.8-flash-next:125b-a6b-q8_0-ab-262k    64a2f0455da7    74 GB    73%/27% CPU/GPU    262144     Stopping...    

2026-09-26T15:44:35+00:00
MemAvailable_GiB=60.50 SwapUsed_GiB=4.57
VM=pswpin=1733635 pswpout=2838276 pgmajfault=19375938
GPU=22678, 12, 144.04, 58
NAME                                        ID              SIZE     PROCESSOR          CONTEXT    UNTIL       
qwen3.8-flash-next:125b-a6b-q8_0-ab-262k    64a2f0455da7    74 GB    73%/27% CPU/GPU    262144     Stopping...    

2026-09-26T15:45:05+00:00
MemAvailable_GiB=60.46 SwapUsed_GiB=4.53
VM=pswpin=1744865 pswpout=2838830 pgmajfault=19472400
GPU=22678, 17, 147.94, 59
NAME                                        ID              SIZE     PROCESSOR          CONTEXT    UNTIL       
qwen3.8-flash-next:125b-a6b-q8_0-ab-262k    64a2f0455da7    74 GB    73%/27% CPU/GPU    262144     Stopping...    

2026-09-26T15:45:35+00:00
MemAvailable_GiB=60.45 SwapUsed_GiB=4.53
VM=pswpin=1753277 pswpout=2845445 pgmajfault=19573240
GPU=22678, 9, 144.00, 59
NAME                                        ID              SIZE     PROCESSOR          CONTEXT    UNTIL       
qwen3.8-flash-next:125b-a6b-q8_0-ab-262k    64a2f0455da7    74 GB    73%/27% CPU/GPU    262144     Stopping...    

2026-09-26T15:46:05+00:00
MemAvailable_GiB=60.46 SwapUsed_GiB=4.53
VM=pswpin=1757474 pswpout=2848284 pgmajfault=19673345
GPU=22678, 8, 129.88, 58
NAME                                        ID              SIZE     PROCESSOR          CONTEXT    UNTIL       
qwen3.8-flash-next:125b-a6b-q8_0-ab-262k    64a2f0455da7    74 GB    73%/27% CPU/GPU    262144     Stopping...    

2026-09-26T15:46:35+00:00
MemAvailable_GiB=60.47 SwapUsed_GiB=4.54
VM=pswpin=1758794 pswpout=2852396 pgmajfault=19772876
GPU=22678, 14, 154.25, 59
NAME                                        ID              SIZE     PROCESSOR          CONTEXT    UNTIL       
qwen3.8-flash-next:125b-a6b-q8_0-ab-262k    64a2f0455da7    74 GB    73%/27% CPU/GPU    262144     Stopping...    

2026-09-26T15:47:05+00:00
MemAvailable_GiB=60.46 SwapUsed_GiB=4.53
VM=pswpin=1762195 pswpout=2854293 pgmajfault=19866806
GPU=22678, 10, 141.56, 58
NAME                                        ID              SIZE     PROCESSOR          CONTEXT    UNTIL       
qwen3.8-flash-next:125b-a6b-q8_0-ab-262k    64a2f0455da7    74 GB    73%/27% CPU/GPU    262144     Stopping...    

2026-09-26T15:47:35+00:00
MemAvailable_GiB=60.46 SwapUsed_GiB=4.54
VM=pswpin=1772698 pswpout=2865036 pgmajfault=19977277
GPU=22678, 7, 135.91, 58
NAME                                        ID              SIZE     PROCESSOR          CONTEXT    UNTIL       
qwen3.8-flash-next:125b-a6b-q8_0-ab-262k    64a2f0455da7    74 GB    73%/27% CPU/GPU    262144     Stopping...    

2026-09-26T15:48:05+00:00
MemAvailable_GiB=60.46 SwapUsed_GiB=4.53
VM=pswpin=1777006 pswpout=2866488 pgmajfault=20085728
GPU=22678, 11, 142.50, 58
NAME                                        ID              SIZE     PROCESSOR          CONTEXT    UNTIL       
qwen3.8-flash-next:125b-a6b-q8_0-ab-262k    64a2f0455da7    74 GB    73%/27% CPU/GPU    262144     Stopping...    

2026-09-26T15:48:36+00:00
MemAvailable_GiB=60.46 SwapUsed_GiB=4.53
VM=pswpin=1785917 pswpout=2876509 pgmajfault=20185829
GPU=22678, 14, 146.43, 59
NAME                                        ID              SIZE     PROCESSOR          CONTEXT    UNTIL       
qwen3.8-flash-next:125b-a6b-q8_0-ab-262k    64a2f0455da7    74 GB    73%/27% CPU/GPU    262144     Stopping...    

2026-09-26T15:49:06+00:00
MemAvailable_GiB=60.46 SwapUsed_GiB=4.54
VM=pswpin=1796756 pswpout=2886603 pgmajfault=20294337
GPU=22678, 14, 137.53, 58
NAME                                        ID              SIZE     PROCESSOR          CONTEXT    UNTIL       
qwen3.8-flash-next:125b-a6b-q8_0-ab-262k    64a2f0455da7    74 GB    73%/27% CPU/GPU    262144     Stopping...    

2026-09-26T15:49:36+00:00
MemAvailable_GiB=60.46 SwapUsed_GiB=4.53
VM=pswpin=1799788 pswpout=2888436 pgmajfault=20417711
GPU=22678, 10, 137.41, 58
NAME                                        ID              SIZE     PROCESSOR          CONTEXT    UNTIL       
qwen3.8-flash-next:125b-a6b-q8_0-ab-262k    64a2f0455da7    74 GB    73%/27% CPU/GPU    262144     Stopping...    

2026-09-26T15:50:06+00:00
MemAvailable_GiB=60.46 SwapUsed_GiB=4.53
VM=pswpin=1810698 pswpout=2897946 pgmajfault=20525909
GPU=22678, 13, 143.98, 58
NAME                                        ID              SIZE     PROCESSOR          CONTEXT    UNTIL       
qwen3.8-flash-next:125b-a6b-q8_0-ab-262k    64a2f0455da7    74 GB    73%/27% CPU/GPU    262144     Stopping...    

2026-09-26T15:50:36+00:00
MemAvailable_GiB=60.46 SwapUsed_GiB=4.53
VM=pswpin=1812688 pswpout=2899805 pgmajfault=20612009
GPU=22678, 8, 144.16, 58
NAME                                        ID              SIZE     PROCESSOR          CONTEXT    UNTIL       
qwen3.8-flash-next:125b-a6b-q8_0-ab-262k    64a2f0455da7    74 GB    73%/27% CPU/GPU    262144     Stopping...    

2026-09-26T15:51:06+00:00
MemAvailable_GiB=60.49 SwapUsed_GiB=4.56
VM=pswpin=1816095 pswpout=2910719 pgmajfault=20731238
GPU=22678, 8, 142.91, 58
NAME                                        ID              SIZE     PROCESSOR          CONTEXT    UNTIL       
qwen3.8-flash-next:125b-a6b-q8_0-ab-262k    64a2f0455da7    74 GB    73%/27% CPU/GPU    262144     Stopping...    

2026-09-26T15:51:36+00:00
MemAvailable_GiB=60.46 SwapUsed_GiB=4.54
VM=pswpin=1826390 pswpout=2913881 pgmajfault=20844133
GPU=22678, 12, 140.91, 58
NAME                                        ID              SIZE     PROCESSOR          CONTEXT    UNTIL       
qwen3.8-flash-next:125b-a6b-q8_0-ab-262k    64a2f0455da7    74 GB    73%/27% CPU/GPU    262144     Stopping...    

2026-09-26T15:52:06+00:00
MemAvailable_GiB=60.48 SwapUsed_GiB=4.55
VM=pswpin=1834424 pswpout=2924660 pgmajfault=20947021
GPU=22678, 2, 132.82, 57
NAME                                        ID              SIZE     PROCESSOR          CONTEXT    UNTIL       
qwen3.8-flash-next:125b-a6b-q8_0-ab-262k    64a2f0455da7    74 GB    73%/27% CPU/GPU    262144     Stopping...    

2026-09-26T15:52:36+00:00
MemAvailable_GiB=60.46 SwapUsed_GiB=4.53
VM=pswpin=1839976 pswpout=2924866 pgmajfault=21046868
GPU=22678, 19, 147.68, 59
NAME                                        ID              SIZE     PROCESSOR          CONTEXT    UNTIL       
qwen3.8-flash-next:125b-a6b-q8_0-ab-262k    64a2f0455da7    74 GB    73%/27% CPU/GPU    262144     Stopping...    

2026-09-26T15:53:07+00:00
MemAvailable_GiB=60.47 SwapUsed_GiB=4.54
VM=pswpin=1842369 pswpout=2929472 pgmajfault=21147130
GPU=22678, 7, 129.48, 58
NAME                                        ID              SIZE     PROCESSOR          CONTEXT    UNTIL       
qwen3.8-flash-next:125b-a6b-q8_0-ab-262k    64a2f0455da7    74 GB    73%/27% CPU/GPU    262144     Stopping...    

2026-09-26T15:53:37+00:00
MemAvailable_GiB=60.47 SwapUsed_GiB=4.54
VM=pswpin=1852374 pswpout=2937752 pgmajfault=21242599
GPU=22678, 6, 144.89, 58
NAME                                        ID              SIZE     PROCESSOR          CONTEXT    UNTIL       
qwen3.8-flash-next:125b-a6b-q8_0-ab-262k    64a2f0455da7    74 GB    73%/27% CPU/GPU    262144     Stopping...    

2026-09-26T15:54:07+00:00
MemAvailable_GiB=60.46 SwapUsed_GiB=4.53
VM=pswpin=1856353 pswpout=2938645 pgmajfault=21342734
GPU=22678, 18, 152.75, 59
NAME                                        ID              SIZE     PROCESSOR          CONTEXT    UNTIL       
qwen3.8-flash-next:125b-a6b-q8_0-ab-262k    64a2f0455da7    74 GB    73%/27% CPU/GPU    262144     Stopping...    

2026-09-26T15:54:37+00:00
MemAvailable_GiB=60.46 SwapUsed_GiB=4.53
VM=pswpin=1857309 pswpout=2941284 pgmajfault=21423424
GPU=22678, 15, 146.10, 59
NAME                                        ID              SIZE     PROCESSOR          CONTEXT    UNTIL       
qwen3.8-flash-next:125b-a6b-q8_0-ab-262k    64a2f0455da7    74 GB    73%/27% CPU/GPU    262144     Stopping...    

2026-09-26T15:55:07+00:00
MemAvailable_GiB=60.47 SwapUsed_GiB=4.54
VM=pswpin=1860873 pswpout=2944920 pgmajfault=21526252
GPU=22678, 6, 137.26, 58
NAME                                        ID              SIZE     PROCESSOR          CONTEXT    UNTIL       
qwen3.8-flash-next:125b-a6b-q8_0-ab-262k    64a2f0455da7    74 GB    73%/27% CPU/GPU    262144     Stopping...    

2026-09-26T15:55:37+00:00
MemAvailable_GiB=60.46 SwapUsed_GiB=4.53
VM=pswpin=1864037 pswpout=2946489 pgmajfault=21628372
GPU=22678, 10, 143.87, 58
NAME                                        ID              SIZE     PROCESSOR          CONTEXT    UNTIL       
qwen3.8-flash-next:125b-a6b-q8_0-ab-262k    64a2f0455da7    74 GB    73%/27% CPU/GPU    262144     Stopping...    

2026-09-26T15:56:07+00:00
MemAvailable_GiB=60.48 SwapUsed_GiB=4.56
VM=pswpin=1868614 pswpout=2958360 pgmajfault=21741528
GPU=22678, 14, 136.64, 58
NAME                                        ID              SIZE     PROCESSOR          CONTEXT    UNTIL       
qwen3.8-flash-next:125b-a6b-q8_0-ab-262k    64a2f0455da7    74 GB    73%/27% CPU/GPU    262144     Stopping...    

2026-09-26T15:56:37+00:00
MemAvailable_GiB=60.14 SwapUsed_GiB=4.23
VM=pswpin=1899478 pswpout=2959272 pgmajfault=21846870
GPU=22678, 19, 142.28, 58
NAME                                        ID              SIZE     PROCESSOR          CONTEXT    UNTIL               
qwen3.8-flash-next:125b-a6b-q8_0-ab-262k    64a2f0455da7    74 GB    73%/27% CPU/GPU    262144     29 minutes from now    

2026-09-26T15:57:08+00:00
MemAvailable_GiB=60.42 SwapUsed_GiB=4.51
VM=pswpin=1902559 pswpout=3035834 pgmajfault=21962953
GPU=22678, 14, 143.36, 58
NAME                                        ID              SIZE     PROCESSOR          CONTEXT    UNTIL               
qwen3.8-flash-next:125b-a6b-q8_0-ab-262k    64a2f0455da7    74 GB    73%/27% CPU/GPU    262144     28 minutes from now    

2026-09-26T15:57:38+00:00
MemAvailable_GiB=60.46 SwapUsed_GiB=4.55
VM=pswpin=1910683 pswpout=3054638 pgmajfault=22063700
GPU=22678, 19, 144.99, 58
NAME                                        ID              SIZE     PROCESSOR          CONTEXT    UNTIL               
qwen3.8-flash-next:125b-a6b-q8_0-ab-262k    64a2f0455da7    74 GB    73%/27% CPU/GPU    262144     28 minutes from now    

2026-09-26T15:58:08+00:00
MemAvailable_GiB=60.47 SwapUsed_GiB=4.56
VM=pswpin=1917996 pswpout=3062148 pgmajfault=22167787
GPU=22678, 12, 151.58, 58
NAME                                        ID              SIZE     PROCESSOR          CONTEXT    UNTIL               
qwen3.8-flash-next:125b-a6b-q8_0-ab-262k    64a2f0455da7    74 GB    73%/27% CPU/GPU    262144     27 minutes from now    

2026-09-26T15:58:38+00:00
MemAvailable_GiB=60.46 SwapUsed_GiB=4.54
VM=pswpin=1923433 pswpout=3063118 pgmajfault=22259739
GPU=22678, 16, 159.46, 59
NAME                                        ID              SIZE     PROCESSOR          CONTEXT    UNTIL               
qwen3.8-flash-next:125b-a6b-q8_0-ab-262k    64a2f0455da7    74 GB    73%/27% CPU/GPU    262144     27 minutes from now    

2026-09-26T15:59:08+00:00
MemAvailable_GiB=60.45 SwapUsed_GiB=4.54
VM=pswpin=1934335 pswpout=3073111 pgmajfault=22349966
GPU=22678, 16, 132.42, 58
NAME                                        ID              SIZE     PROCESSOR          CONTEXT    UNTIL               
qwen3.8-flash-next:125b-a6b-q8_0-ab-262k    64a2f0455da7    74 GB    73%/27% CPU/GPU    262144     26 minutes from now    

2026-09-26T15:59:38+00:00
MemAvailable_GiB=60.46 SwapUsed_GiB=4.54
VM=pswpin=1935577 pswpout=3075495 pgmajfault=22415864
GPU=22678, 20, 157.46, 60
NAME                                        ID              SIZE     PROCESSOR          CONTEXT    UNTIL               
qwen3.8-flash-next:125b-a6b-q8_0-ab-262k    64a2f0455da7    74 GB    73%/27% CPU/GPU    262144     26 minutes from now    

2026-09-26T16:00:08+00:00
MemAvailable_GiB=60.46 SwapUsed_GiB=4.55
VM=pswpin=1936896 pswpout=3077529 pgmajfault=22470269
GPU=22678, 16, 148.26, 59
NAME                                        ID              SIZE     PROCESSOR          CONTEXT    UNTIL               
qwen3.8-flash-next:125b-a6b-q8_0-ab-262k    64a2f0455da7    74 GB    73%/27% CPU/GPU    262144     25 minutes from now    

2026-09-26T16:00:38+00:00
MemAvailable_GiB=60.46 SwapUsed_GiB=4.54
VM=pswpin=1943343 pswpout=3081215 pgmajfault=22541974
GPU=22678, 11, 148.10, 59
NAME                                        ID              SIZE     PROCESSOR          CONTEXT    UNTIL               
qwen3.8-flash-next:125b-a6b-q8_0-ab-262k    64a2f0455da7    74 GB    73%/27% CPU/GPU    262144     25 minutes from now    

2026-09-26T16:01:08+00:00
MemAvailable_GiB=60.46 SwapUsed_GiB=4.54
VM=pswpin=1946241 pswpout=3084630 pgmajfault=22605743
GPU=22678, 12, 154.94, 60
NAME                                        ID              SIZE     PROCESSOR          CONTEXT    UNTIL               
qwen3.8-flash-next:125b-a6b-q8_0-ab-262k    64a2f0455da7    74 GB    73%/27% CPU/GPU    262144     24 minutes from now    

2026-09-26T16:01:38+00:00
MemAvailable_GiB=60.46 SwapUsed_GiB=4.54
VM=pswpin=1947331 pswpout=3086166 pgmajfault=22663252
GPU=22678, 13, 145.21, 60
NAME                                        ID              SIZE     PROCESSOR          CONTEXT    UNTIL               
qwen3.8-flash-next:125b-a6b-q8_0-ab-262k    64a2f0455da7    74 GB    73%/27% CPU/GPU    262144     24 minutes from now    

2026-09-26T16:02:09+00:00
MemAvailable_GiB=60.47 SwapUsed_GiB=4.55
VM=pswpin=1948511 pswpout=3089337 pgmajfault=22709924
GPU=22678, 22, 157.85, 61
NAME                                        ID              SIZE     PROCESSOR          CONTEXT    UNTIL               
qwen3.8-flash-next:125b-a6b-q8_0-ab-262k    64a2f0455da7    74 GB    73%/27% CPU/GPU    262144     23 minutes from now    

2026-09-26T16:02:39+00:00
MemAvailable_GiB=60.45 SwapUsed_GiB=4.53
VM=pswpin=1954050 pswpout=3089916 pgmajfault=22768040
GPU=22678, 23, 160.55, 61
NAME                                        ID              SIZE     PROCESSOR          CONTEXT    UNTIL               
qwen3.8-flash-next:125b-a6b-q8_0-ab-262k    64a2f0455da7    74 GB    73%/27% CPU/GPU    262144     23 minutes from now    

2026-09-26T16:03:09+00:00
MemAvailable_GiB=60.46 SwapUsed_GiB=4.54
VM=pswpin=1957029 pswpout=3094844 pgmajfault=22831590
GPU=22678, 10, 141.93, 60
NAME                                        ID              SIZE     PROCESSOR          CONTEXT    UNTIL               
qwen3.8-flash-next:125b-a6b-q8_0-ab-262k    64a2f0455da7    74 GB    73%/27% CPU/GPU    262144     22 minutes from now    

2026-09-26T16:03:39+00:00
MemAvailable_GiB=60.47 SwapUsed_GiB=4.55
VM=pswpin=1965800 pswpout=3105301 pgmajfault=22894765
GPU=22678, 20, 151.96, 61
NAME                                        ID              SIZE     PROCESSOR          CONTEXT    UNTIL               
qwen3.8-flash-next:125b-a6b-q8_0-ab-262k    64a2f0455da7    74 GB    73%/27% CPU/GPU    262144     22 minutes from now    

2026-09-26T16:04:09+00:00
MemAvailable_GiB=60.47 SwapUsed_GiB=4.55
VM=pswpin=1967046 pswpout=3106468 pgmajfault=22951334
GPU=22678, 19, 159.38, 61
NAME                                        ID              SIZE     PROCESSOR          CONTEXT    UNTIL               
qwen3.8-flash-next:125b-a6b-q8_0-ab-262k    64a2f0455da7    74 GB    73%/27% CPU/GPU    262144     21 minutes from now    

2026-09-26T16:04:39+00:00
MemAvailable_GiB=60.45 SwapUsed_GiB=4.54
VM=pswpin=1972445 pswpout=3108257 pgmajfault=23022831
GPU=22678, 18, 158.50, 61
NAME                                        ID              SIZE     PROCESSOR          CONTEXT    UNTIL               
qwen3.8-flash-next:125b-a6b-q8_0-ab-262k    64a2f0455da7    74 GB    73%/27% CPU/GPU    262144     21 minutes from now    

2026-09-26T16:05:09+00:00
MemAvailable_GiB=60.46 SwapUsed_GiB=4.54
VM=pswpin=1975700 pswpout=3112219 pgmajfault=23082524
GPU=22678, 8, 147.26, 60
NAME                                        ID              SIZE     PROCESSOR          CONTEXT    UNTIL               
qwen3.8-flash-next:125b-a6b-q8_0-ab-262k    64a2f0455da7    74 GB    73%/27% CPU/GPU    262144     20 minutes from now    

2026-09-26T16:05:39+00:00
MemAvailable_GiB=60.45 SwapUsed_GiB=4.54
VM=pswpin=1977311 pswpout=3112605 pgmajfault=23139800
GPU=22678, 20, 148.85, 61
NAME                                        ID              SIZE     PROCESSOR          CONTEXT    UNTIL               
qwen3.8-flash-next:125b-a6b-q8_0-ab-262k    64a2f0455da7    74 GB    73%/27% CPU/GPU    262144     20 minutes from now    

2026-09-26T16:06:09+00:00
MemAvailable_GiB=60.47 SwapUsed_GiB=4.55
VM=pswpin=1984029 pswpout=3122490 pgmajfault=23211555
GPU=22678, 12, 146.95, 60
NAME                                        ID              SIZE     PROCESSOR          CONTEXT    UNTIL               
qwen3.8-flash-next:125b-a6b-q8_0-ab-262k    64a2f0455da7    74 GB    73%/27% CPU/GPU    262144     19 minutes from now    

2026-09-26T16:06:39+00:00
MemAvailable_GiB=60.45 SwapUsed_GiB=4.54
VM=pswpin=1995239 pswpout=3130734 pgmajfault=23295286
GPU=22678, 16, 156.90, 60
NAME                                        ID              SIZE     PROCESSOR          CONTEXT    UNTIL               
qwen3.8-flash-next:125b-a6b-q8_0-ab-262k    64a2f0455da7    74 GB    73%/27% CPU/GPU    262144     19 minutes from now    

2026-09-26T16:07:10+00:00
MemAvailable_GiB=60.45 SwapUsed_GiB=4.54
VM=pswpin=1998806 pswpout=3133920 pgmajfault=23363200
GPU=22678, 18, 151.59, 60
NAME                                        ID              SIZE     PROCESSOR          CONTEXT    UNTIL               
qwen3.8-flash-next:125b-a6b-q8_0-ab-262k    64a2f0455da7    74 GB    73%/27% CPU/GPU    262144     18 minutes from now    

2026-09-26T16:07:40+00:00
MemAvailable_GiB=60.47 SwapUsed_GiB=4.55
VM=pswpin=2000014 pswpout=3137924 pgmajfault=23429998
GPU=22678, 13, 162.13, 61
NAME                                        ID              SIZE     PROCESSOR          CONTEXT    UNTIL               
qwen3.8-flash-next:125b-a6b-q8_0-ab-262k    64a2f0455da7    74 GB    73%/27% CPU/GPU    262144     18 minutes from now    

2026-09-26T16:08:10+00:00
MemAvailable_GiB=60.46 SwapUsed_GiB=4.55
VM=pswpin=2009066 pswpout=3146330 pgmajfault=23547696
GPU=22678, 11, 135.75, 59
NAME                                        ID              SIZE     PROCESSOR          CONTEXT    UNTIL               
qwen3.8-flash-next:125b-a6b-q8_0-ab-262k    64a2f0455da7    74 GB    73%/27% CPU/GPU    262144     17 minutes from now    

2026-09-26T16:08:40+00:00
MemAvailable_GiB=60.46 SwapUsed_GiB=4.54
VM=pswpin=2013465 pswpout=3146829 pgmajfault=23637987
GPU=22678, 14, 147.50, 60
NAME                                        ID              SIZE     PROCESSOR          CONTEXT    UNTIL               
qwen3.8-flash-next:125b-a6b-q8_0-ab-262k    64a2f0455da7    74 GB    73%/27% CPU/GPU    262144     17 minutes from now    

2026-09-26T16:09:10+00:00
MemAvailable_GiB=60.49 SwapUsed_GiB=4.56
VM=pswpin=2016671 pswpout=3156395 pgmajfault=23746928
GPU=22678, 11, 140.62, 59
NAME                                        ID              SIZE     PROCESSOR          CONTEXT    UNTIL               
qwen3.8-flash-next:125b-a6b-q8_0-ab-262k    64a2f0455da7    74 GB    73%/27% CPU/GPU    262144     16 minutes from now    

2026-09-26T16:09:40+00:00
MemAvailable_GiB=60.47 SwapUsed_GiB=4.55
VM=pswpin=2024881 pswpout=3160139 pgmajfault=23855423
GPU=22678, 11, 140.82, 59
NAME                                        ID              SIZE     PROCESSOR          CONTEXT    UNTIL               
qwen3.8-flash-next:125b-a6b-q8_0-ab-262k    64a2f0455da7    74 GB    73%/27% CPU/GPU    262144     16 minutes from now    

2026-09-26T16:10:10+00:00
MemAvailable_GiB=60.47 SwapUsed_GiB=4.55
VM=pswpin=2036234 pswpout=3170215 pgmajfault=23987952
GPU=22678, 11, 128.72, 58
NAME                                        ID              SIZE     PROCESSOR          CONTEXT    UNTIL               
qwen3.8-flash-next:125b-a6b-q8_0-ab-262k    64a2f0455da7    74 GB    73%/27% CPU/GPU    262144     15 minutes from now    

2026-09-26T16:10:40+00:00
MemAvailable_GiB=60.45 SwapUsed_GiB=4.54
VM=pswpin=2040462 pswpout=3170712 pgmajfault=24105918
GPU=22678, 2, 123.24, 58
NAME                                        ID              SIZE     PROCESSOR          CONTEXT    UNTIL               
qwen3.8-flash-next:125b-a6b-q8_0-ab-262k    64a2f0455da7    74 GB    73%/27% CPU/GPU    262144     15 minutes from now    

2026-09-26T16:11:10+00:00
MemAvailable_GiB=60.46 SwapUsed_GiB=4.54
VM=pswpin=2051253 pswpout=3182826 pgmajfault=24229511
GPU=22678, 13, 146.75, 59
NAME                                        ID              SIZE     PROCESSOR          CONTEXT    UNTIL               
qwen3.8-flash-next:125b-a6b-q8_0-ab-262k    64a2f0455da7    74 GB    73%/27% CPU/GPU    262144     14 minutes from now    

2026-09-26T16:11:40+00:00
MemAvailable_GiB=60.50 SwapUsed_GiB=4.58
VM=pswpin=2052793 pswpout=3193171 pgmajfault=24332872
GPU=22678, 10, 150.19, 59
NAME                                        ID              SIZE     PROCESSOR          CONTEXT    UNTIL               
qwen3.8-flash-next:125b-a6b-q8_0-ab-262k    64a2f0455da7    74 GB    73%/27% CPU/GPU    262144     14 minutes from now    

2026-09-26T16:12:11+00:00
MemAvailable_GiB=60.49 SwapUsed_GiB=4.57
VM=pswpin=2062933 pswpout=3200608 pgmajfault=24457699
GPU=22678, 12, 134.54, 58
NAME                                        ID              SIZE     PROCESSOR          CONTEXT    UNTIL               
qwen3.8-flash-next:125b-a6b-q8_0-ab-262k    64a2f0455da7    74 GB    73%/27% CPU/GPU    262144     13 minutes from now    

2026-09-26T16:12:41+00:00
MemAvailable_GiB=60.50 SwapUsed_GiB=4.58
VM=pswpin=2067182 pswpout=3206074 pgmajfault=24584341
GPU=22678, 13, 136.85, 58
NAME                                        ID              SIZE     PROCESSOR          CONTEXT    UNTIL               
qwen3.8-flash-next:125b-a6b-q8_0-ab-262k    64a2f0455da7    74 GB    73%/27% CPU/GPU    262144     13 minutes from now    

2026-09-26T16:13:11+00:00
MemAvailable_GiB=60.46 SwapUsed_GiB=4.55
VM=pswpin=2078518 pswpout=3208195 pgmajfault=24695984
GPU=22678, 2, 130.28, 57
NAME                                        ID              SIZE     PROCESSOR          CONTEXT    UNTIL               
qwen3.8-flash-next:125b-a6b-q8_0-ab-262k    64a2f0455da7    74 GB    73%/27% CPU/GPU    262144     12 minutes from now    

2026-09-26T16:13:41+00:00
MemAvailable_GiB=60.47 SwapUsed_GiB=4.55
VM=pswpin=2087540 pswpout=3218051 pgmajfault=24805768
GPU=22678, 14, 148.07, 59
NAME                                        ID              SIZE     PROCESSOR          CONTEXT    UNTIL               
qwen3.8-flash-next:125b-a6b-q8_0-ab-262k    64a2f0455da7    74 GB    73%/27% CPU/GPU    262144     12 minutes from now    

2026-09-26T16:14:11+00:00
MemAvailable_GiB=60.46 SwapUsed_GiB=4.55
VM=pswpin=2090586 pswpout=3220334 pgmajfault=24922173
GPU=22678, 9, 128.72, 58
NAME                                        ID              SIZE     PROCESSOR          CONTEXT    UNTIL               
qwen3.8-flash-next:125b-a6b-q8_0-ab-262k    64a2f0455da7    74 GB    73%/27% CPU/GPU    262144     11 minutes from now    

2026-09-26T16:14:41+00:00
MemAvailable_GiB=60.46 SwapUsed_GiB=4.55
VM=pswpin=2102267 pswpout=3231643 pgmajfault=25031074
GPU=22678, 13, 144.42, 58
NAME                                        ID              SIZE     PROCESSOR          CONTEXT    UNTIL               
qwen3.8-flash-next:125b-a6b-q8_0-ab-262k    64a2f0455da7    74 GB    73%/27% CPU/GPU    262144     11 minutes from now    

2026-09-26T16:15:11+00:00
MemAvailable_GiB=60.49 SwapUsed_GiB=4.57
VM=pswpin=2106294 pswpout=3241018 pgmajfault=25139494
GPU=22678, 19, 146.55, 59
NAME                                        ID              SIZE     PROCESSOR          CONTEXT    UNTIL               
qwen3.8-flash-next:125b-a6b-q8_0-ab-262k    64a2f0455da7    74 GB    73%/27% CPU/GPU    262144     10 minutes from now    

2026-09-26T16:15:42+00:00
MemAvailable_GiB=60.50 SwapUsed_GiB=4.58
VM=pswpin=2115244 pswpout=3251768 pgmajfault=25252384
GPU=22678, 16, 140.38, 59
NAME                                        ID              SIZE     PROCESSOR          CONTEXT    UNTIL               
qwen3.8-flash-next:125b-a6b-q8_0-ab-262k    64a2f0455da7    74 GB    73%/27% CPU/GPU    262144     10 minutes from now    

2026-09-26T16:16:12+00:00
MemAvailable_GiB=60.47 SwapUsed_GiB=4.55
VM=pswpin=2126521 pswpout=3253754 pgmajfault=25378176
GPU=22678, 13, 140.05, 58
NAME                                        ID              SIZE     PROCESSOR          CONTEXT    UNTIL              
qwen3.8-flash-next:125b-a6b-q8_0-ab-262k    64a2f0455da7    74 GB    73%/27% CPU/GPU    262144     9 minutes from now    

2026-09-26T16:16:42+00:00
MemAvailable_GiB=60.45 SwapUsed_GiB=4.54
VM=pswpin=2130643 pswpout=3254085 pgmajfault=25491707
GPU=22678, 9, 130.53, 57
NAME                                        ID              SIZE     PROCESSOR          CONTEXT    UNTIL              
qwen3.8-flash-next:125b-a6b-q8_0-ab-262k    64a2f0455da7    74 GB    73%/27% CPU/GPU    262144     9 minutes from now    

2026-09-26T16:17:12+00:00
MemAvailable_GiB=60.45 SwapUsed_GiB=4.54
VM=pswpin=2141700 pswpout=3264430 pgmajfault=25609371
GPU=22678, 10, 137.09, 58
NAME                                        ID              SIZE     PROCESSOR          CONTEXT    UNTIL              
qwen3.8-flash-next:125b-a6b-q8_0-ab-262k    64a2f0455da7    74 GB    73%/27% CPU/GPU    262144     8 minutes from now    

2026-09-26T16:17:42+00:00
MemAvailable_GiB=60.50 SwapUsed_GiB=4.58
VM=pswpin=2143122 pswpout=3275263 pgmajfault=25716245
GPU=22678, 17, 147.13, 58
NAME                                        ID              SIZE     PROCESSOR          CONTEXT    UNTIL              
qwen3.8-flash-next:125b-a6b-q8_0-ab-262k    64a2f0455da7    74 GB    73%/27% CPU/GPU    262144     8 minutes from now    

2026-09-26T16:18:12+00:00
MemAvailable_GiB=60.46 SwapUsed_GiB=4.55
VM=pswpin=2154090 pswpout=3276852 pgmajfault=25814943
GPU=22678, 13, 140.44, 58
NAME                                        ID              SIZE     PROCESSOR          CONTEXT    UNTIL              
qwen3.8-flash-next:125b-a6b-q8_0-ab-262k    64a2f0455da7    74 GB    73%/27% CPU/GPU    262144     7 minutes from now    

2026-09-26T16:18:42+00:00
MemAvailable_GiB=60.46 SwapUsed_GiB=4.55
VM=pswpin=2165070 pswpout=3286775 pgmajfault=25931129
GPU=22678, 5, 129.60, 58
NAME                                        ID              SIZE     PROCESSOR          CONTEXT    UNTIL              
qwen3.8-flash-next:125b-a6b-q8_0-ab-262k    64a2f0455da7    74 GB    73%/27% CPU/GPU    262144     7 minutes from now    

2026-09-26T16:19:12+00:00
MemAvailable_GiB=60.49 SwapUsed_GiB=4.57
VM=pswpin=2168567 pswpout=3296346 pgmajfault=26053780
GPU=22678, 3, 129.26, 57
NAME                                        ID              SIZE     PROCESSOR          CONTEXT    UNTIL              
qwen3.8-flash-next:125b-a6b-q8_0-ab-262k    64a2f0455da7    74 GB    73%/27% CPU/GPU    262144     6 minutes from now    

2026-09-26T16:19:43+00:00
MemAvailable_GiB=60.49 SwapUsed_GiB=4.58
VM=pswpin=2177637 pswpout=3306502 pgmajfault=26162175
GPU=22678, 1, 138.73, 57
NAME                                        ID              SIZE     PROCESSOR          CONTEXT    UNTIL              
qwen3.8-flash-next:125b-a6b-q8_0-ab-262k    64a2f0455da7    74 GB    73%/27% CPU/GPU    262144     6 minutes from now    

2026-09-26T16:20:13+00:00
MemAvailable_GiB=60.49 SwapUsed_GiB=4.57
VM=pswpin=2181620 pswpout=3308998 pgmajfault=26285398
GPU=22678, 5, 124.95, 57
NAME                                        ID              SIZE     PROCESSOR          CONTEXT    UNTIL              
qwen3.8-flash-next:125b-a6b-q8_0-ab-262k    64a2f0455da7    74 GB    73%/27% CPU/GPU    262144     5 minutes from now    

2026-09-26T16:20:43+00:00
MemAvailable_GiB=60.45 SwapUsed_GiB=4.54
VM=pswpin=2192461 pswpout=3309463 pgmajfault=26402436
GPU=22678, 7, 145.56, 58
NAME                                        ID              SIZE     PROCESSOR          CONTEXT    UNTIL              
qwen3.8-flash-next:125b-a6b-q8_0-ab-262k    64a2f0455da7    74 GB    73%/27% CPU/GPU    262144     5 minutes from now    

2026-09-26T16:21:13+00:00
MemAvailable_GiB=60.45 SwapUsed_GiB=4.54
VM=pswpin=2203098 pswpout=3319625 pgmajfault=26526686
GPU=22678, 4, 142.36, 58
NAME                                        ID              SIZE     PROCESSOR          CONTEXT    UNTIL              
qwen3.8-flash-next:125b-a6b-q8_0-ab-262k    64a2f0455da7    74 GB    73%/27% CPU/GPU    262144     4 minutes from now    

2026-09-26T16:21:43+00:00
MemAvailable_GiB=60.50 SwapUsed_GiB=4.57
VM=pswpin=2204749 pswpout=3329269 pgmajfault=26635626
GPU=22678, 18, 145.80, 59
NAME                                        ID              SIZE     PROCESSOR          CONTEXT    UNTIL              
qwen3.8-flash-next:125b-a6b-q8_0-ab-262k    64a2f0455da7    74 GB    73%/27% CPU/GPU    262144     4 minutes from now    

2026-09-26T16:22:13+00:00
MemAvailable_GiB=60.45 SwapUsed_GiB=4.55
VM=pswpin=2215710 pswpout=3333404 pgmajfault=26748115
GPU=22678, 4, 128.04, 57
NAME                                        ID              SIZE     PROCESSOR          CONTEXT    UNTIL              
qwen3.8-flash-next:125b-a6b-q8_0-ab-262k    64a2f0455da7    74 GB    73%/27% CPU/GPU    262144     3 minutes from now    

2026-09-26T16:22:43+00:00
MemAvailable_GiB=60.49 SwapUsed_GiB=4.58
VM=pswpin=2218962 pswpout=3343423 pgmajfault=26862522
GPU=22678, 6, 129.48, 57
NAME                                        ID              SIZE     PROCESSOR          CONTEXT    UNTIL              
qwen3.8-flash-next:125b-a6b-q8_0-ab-262k    64a2f0455da7    74 GB    73%/27% CPU/GPU    262144     3 minutes from now    

2026-09-26T16:23:13+00:00
MemAvailable_GiB=60.46 SwapUsed_GiB=4.54
VM=pswpin=2230120 pswpout=3344524 pgmajfault=26987601
GPU=22678, 5, 141.67, 58
NAME                                        ID              SIZE     PROCESSOR          CONTEXT    UNTIL              
qwen3.8-flash-next:125b-a6b-q8_0-ab-262k    64a2f0455da7    74 GB    73%/27% CPU/GPU    262144     2 minutes from now    

2026-09-26T16:23:44+00:00
MemAvailable_GiB=60.47 SwapUsed_GiB=4.56
VM=pswpin=2239322 pswpout=3356766 pgmajfault=27107290
GPU=22678, 15, 151.02, 58
NAME                                        ID              SIZE     PROCESSOR          CONTEXT    UNTIL              
qwen3.8-flash-next:125b-a6b-q8_0-ab-262k    64a2f0455da7    74 GB    73%/27% CPU/GPU    262144     2 minutes from now    

2026-09-26T16:24:14+00:00
MemAvailable_GiB=60.51 SwapUsed_GiB=4.58
VM=pswpin=2242533 pswpout=3364345 pgmajfault=27227053
GPU=22678, 5, 138.31, 57
NAME                                        ID              SIZE     PROCESSOR          CONTEXT    UNTIL                   
qwen3.8-flash-next:125b-a6b-q8_0-ab-262k    64a2f0455da7    74 GB    73%/27% CPU/GPU    262144     About a minute from now    

2026-09-26T16:24:44+00:00
MemAvailable_GiB=60.46 SwapUsed_GiB=4.55
VM=pswpin=2254203 pswpout=3367693 pgmajfault=27347345
GPU=22678, 15, 142.52, 58
NAME                                        ID              SIZE     PROCESSOR          CONTEXT    UNTIL                   
qwen3.8-flash-next:125b-a6b-q8_0-ab-262k    64a2f0455da7    74 GB    73%/27% CPU/GPU    262144     About a minute from now    

2026-09-26T16:25:14+00:00
MemAvailable_GiB=60.49 SwapUsed_GiB=4.57
VM=pswpin=2257528 pswpout=3377403 pgmajfault=27471139
GPU=22678, 9, 131.95, 57
NAME                                        ID              SIZE     PROCESSOR          CONTEXT    UNTIL               
qwen3.8-flash-next:125b-a6b-q8_0-ab-262k    64a2f0455da7    74 GB    73%/27% CPU/GPU    262144     53 seconds from now    

2026-09-26T16:25:44+00:00
MemAvailable_GiB=60.48 SwapUsed_GiB=4.56
VM=pswpin=2267181 pswpout=3382368 pgmajfault=27594837
GPU=22678, 5, 135.98, 57
NAME                                        ID              SIZE     PROCESSOR          CONTEXT    UNTIL               
qwen3.8-flash-next:125b-a6b-q8_0-ab-262k    64a2f0455da7    74 GB    73%/27% CPU/GPU    262144     23 seconds from now    

2026-09-26T16:26:14+00:00
MemAvailable_GiB=60.49 SwapUsed_GiB=4.58
VM=pswpin=2270624 pswpout=3391150 pgmajfault=27721535
GPU=22678, 10, 145.20, 58
NAME                                        ID              SIZE     PROCESSOR          CONTEXT    UNTIL       
qwen3.8-flash-next:125b-a6b-q8_0-ab-262k    64a2f0455da7    74 GB    73%/27% CPU/GPU    262144     Stopping...    

2026-09-26T16:26:44+00:00
MemAvailable_GiB=60.45 SwapUsed_GiB=4.54
VM=pswpin=2282609 pswpout=3391585 pgmajfault=27839101
GPU=22678, 18, 143.38, 58
NAME                                        ID              SIZE     PROCESSOR          CONTEXT    UNTIL       
qwen3.8-flash-next:125b-a6b-q8_0-ab-262k    64a2f0455da7    74 GB    73%/27% CPU/GPU    262144     Stopping...    

2026-09-26T16:27:14+00:00
MemAvailable_GiB=60.48 SwapUsed_GiB=4.56
VM=pswpin=2286197 pswpout=3399860 pgmajfault=27953099
GPU=22678, 10, 129.81, 58
NAME                                        ID              SIZE     PROCESSOR          CONTEXT    UNTIL       
qwen3.8-flash-next:125b-a6b-q8_0-ab-262k    64a2f0455da7    74 GB    73%/27% CPU/GPU    262144     Stopping...    

2026-09-26T16:27:45+00:00
MemAvailable_GiB=60.46 SwapUsed_GiB=4.55
VM=pswpin=2295494 pswpout=3405187 pgmajfault=28067320
GPU=22678, 6, 132.18, 57
NAME                                        ID              SIZE     PROCESSOR          CONTEXT    UNTIL       
qwen3.8-flash-next:125b-a6b-q8_0-ab-262k    64a2f0455da7    74 GB    73%/27% CPU/GPU    262144     Stopping...    

2026-09-26T16:28:15+00:00
MemAvailable_GiB=60.47 SwapUsed_GiB=4.56
VM=pswpin=2304810 pswpout=3416370 pgmajfault=28189822
GPU=22678, 4, 137.00, 57
NAME                                        ID              SIZE     PROCESSOR          CONTEXT    UNTIL       
qwen3.8-flash-next:125b-a6b-q8_0-ab-262k    64a2f0455da7    74 GB    73%/27% CPU/GPU    262144     Stopping...    

2026-09-26T16:28:45+00:00
MemAvailable_GiB=60.45 SwapUsed_GiB=4.54
VM=pswpin=2310809 pswpout=3417001 pgmajfault=28304109
GPU=22678, 2, 129.48, 57
NAME                                        ID              SIZE     PROCESSOR          CONTEXT    UNTIL       
qwen3.8-flash-next:125b-a6b-q8_0-ab-262k    64a2f0455da7    74 GB    73%/27% CPU/GPU    262144     Stopping...    

2026-09-26T16:29:15+00:00
MemAvailable_GiB=60.46 SwapUsed_GiB=4.55
VM=pswpin=2321839 pswpout=3428414 pgmajfault=28431622
GPU=22678, 5, 129.67, 57
NAME                                        ID              SIZE     PROCESSOR          CONTEXT    UNTIL       
qwen3.8-flash-next:125b-a6b-q8_0-ab-262k    64a2f0455da7    74 GB    73%/27% CPU/GPU    262144     Stopping...    

2026-09-26T16:29:45+00:00
MemAvailable_GiB=60.49 SwapUsed_GiB=4.58
VM=pswpin=2323237 pswpout=3438842 pgmajfault=28542545
GPU=22678, 9, 137.91, 58
NAME                                        ID              SIZE     PROCESSOR          CONTEXT    UNTIL       
qwen3.8-flash-next:125b-a6b-q8_0-ab-262k    64a2f0455da7    74 GB    73%/27% CPU/GPU    262144     Stopping...    

2026-09-26T16:30:15+00:00
MemAvailable_GiB=60.46 SwapUsed_GiB=4.54
VM=pswpin=2334600 pswpout=3439852 pgmajfault=28659728
GPU=22678, 8, 144.68, 58
NAME                                        ID              SIZE     PROCESSOR          CONTEXT    UNTIL       
qwen3.8-flash-next:125b-a6b-q8_0-ab-262k    64a2f0455da7    74 GB    73%/27% CPU/GPU    262144     Stopping...    

2026-09-26T16:30:46+00:00
MemAvailable_GiB=60.49 SwapUsed_GiB=4.57
VM=pswpin=2339096 pswpout=3449981 pgmajfault=28780013
GPU=22678, 9, 128.90, 57
NAME                                        ID              SIZE     PROCESSOR          CONTEXT    UNTIL       
qwen3.8-flash-next:125b-a6b-q8_0-ab-262k    64a2f0455da7    74 GB    73%/27% CPU/GPU    262144     Stopping...    

2026-09-26T16:31:16+00:00
MemAvailable_GiB=60.45 SwapUsed_GiB=4.54
VM=pswpin=2350320 pswpout=3452321 pgmajfault=28894524
GPU=22678, 15, 142.68, 58
NAME                                        ID              SIZE     PROCESSOR          CONTEXT    UNTIL       
qwen3.8-flash-next:125b-a6b-q8_0-ab-262k    64a2f0455da7    74 GB    73%/27% CPU/GPU    262144     Stopping...    

2026-09-26T16:31:46+00:00
MemAvailable_GiB=60.50 SwapUsed_GiB=4.58
VM=pswpin=2351640 pswpout=3464961 pgmajfault=29019337
GPU=22678, 12, 141.67, 58
NAME                                        ID              SIZE     PROCESSOR          CONTEXT    UNTIL       
qwen3.8-flash-next:125b-a6b-q8_0-ab-262k    64a2f0455da7    74 GB    73%/27% CPU/GPU    262144     Stopping...    

2026-09-26T16:32:16+00:00
MemAvailable_GiB=60.48 SwapUsed_GiB=4.55
VM=pswpin=2362384 pswpout=3466020 pgmajfault=29143823
GPU=22678, 6, 143.12, 57
NAME                                        ID              SIZE     PROCESSOR          CONTEXT    UNTIL       
qwen3.8-flash-next:125b-a6b-q8_0-ab-262k    64a2f0455da7    74 GB    73%/27% CPU/GPU    262144     Stopping...    

2026-09-26T16:32:46+00:00
MemAvailable_GiB=60.45 SwapUsed_GiB=4.55
VM=pswpin=2374504 pswpout=3475949 pgmajfault=29256407
GPU=22678, 13, 147.49, 58
NAME                                        ID              SIZE     PROCESSOR          CONTEXT    UNTIL       
qwen3.8-flash-next:125b-a6b-q8_0-ab-262k    64a2f0455da7    74 GB    73%/27% CPU/GPU    262144     Stopping...    

2026-09-26T16:33:16+00:00
MemAvailable_GiB=60.48 SwapUsed_GiB=4.57
VM=pswpin=2377798 pswpout=3484113 pgmajfault=29358854
GPU=22678, 9, 133.91, 58
NAME                                        ID              SIZE     PROCESSOR          CONTEXT    UNTIL       
qwen3.8-flash-next:125b-a6b-q8_0-ab-262k    64a2f0455da7    74 GB    73%/27% CPU/GPU    262144     Stopping...    

2026-09-26T16:33:46+00:00
MemAvailable_GiB=60.47 SwapUsed_GiB=4.55
VM=pswpin=2386447 pswpout=3488421 pgmajfault=29481967
GPU=22678, 15, 142.23, 58
NAME                                        ID              SIZE     PROCESSOR          CONTEXT    UNTIL       
qwen3.8-flash-next:125b-a6b-q8_0-ab-262k    64a2f0455da7    74 GB    73%/27% CPU/GPU    262144     Stopping...    

2026-09-26T16:34:16+00:00
MemAvailable_GiB=60.49 SwapUsed_GiB=4.58
VM=pswpin=2389474 pswpout=3497632 pgmajfault=29600564
GPU=22678, 8, 136.19, 58
NAME                                        ID              SIZE     PROCESSOR          CONTEXT    UNTIL       
qwen3.8-flash-next:125b-a6b-q8_0-ab-262k    64a2f0455da7    74 GB    73%/27% CPU/GPU    262144     Stopping...    

2026-09-26T16:34:47+00:00
MemAvailable_GiB=60.46 SwapUsed_GiB=4.55
VM=pswpin=2401435 pswpout=3500864 pgmajfault=29729546
GPU=22678, 8, 134.09, 57
NAME                                        ID              SIZE     PROCESSOR          CONTEXT    UNTIL       
qwen3.8-flash-next:125b-a6b-q8_0-ab-262k    64a2f0455da7    74 GB    73%/27% CPU/GPU    262144     Stopping...    

2026-09-26T16:35:17+00:00
MemAvailable_GiB=60.50 SwapUsed_GiB=4.57
VM=pswpin=2405293 pswpout=3511026 pgmajfault=29841528
GPU=22678, 4, 134.16, 57
NAME                                        ID              SIZE     PROCESSOR          CONTEXT    UNTIL       
qwen3.8-flash-next:125b-a6b-q8_0-ab-262k    64a2f0455da7    74 GB    73%/27% CPU/GPU    262144     Stopping...    

2026-09-26T16:35:47+00:00
MemAvailable_GiB=60.48 SwapUsed_GiB=4.55
VM=pswpin=2414648 pswpout=3514339 pgmajfault=29955576
GPU=22678, 13, 147.09, 58
NAME                                        ID              SIZE     PROCESSOR          CONTEXT    UNTIL       
qwen3.8-flash-next:125b-a6b-q8_0-ab-262k    64a2f0455da7    74 GB    73%/27% CPU/GPU    262144     Stopping...    

2026-09-26T16:36:17+00:00
MemAvailable_GiB=60.47 SwapUsed_GiB=4.55
VM=pswpin=2425300 pswpout=3522504 pgmajfault=30074799
GPU=22678, 18, 143.07, 58
NAME                                        ID              SIZE     PROCESSOR          CONTEXT    UNTIL       
qwen3.8-flash-next:125b-a6b-q8_0-ab-262k    64a2f0455da7    74 GB    73%/27% CPU/GPU    262144     Stopping...    

2026-09-26T16:36:47+00:00
MemAvailable_GiB=60.49 SwapUsed_GiB=4.57
VM=pswpin=2428413 pswpout=3531229 pgmajfault=30188877
GPU=22678, 9, 138.88, 58
NAME                                        ID              SIZE     PROCESSOR          CONTEXT    UNTIL       
qwen3.8-flash-next:125b-a6b-q8_0-ab-262k    64a2f0455da7    74 GB    73%/27% CPU/GPU    262144     Stopping...    

2026-09-26T16:37:17+00:00
MemAvailable_GiB=60.46 SwapUsed_GiB=4.54
VM=pswpin=2439554 pswpout=3534597 pgmajfault=30320301
GPU=22678, 14, 144.95, 57
NAME                                        ID              SIZE     PROCESSOR          CONTEXT    UNTIL       
qwen3.8-flash-next:125b-a6b-q8_0-ab-262k    64a2f0455da7    74 GB    73%/27% CPU/GPU    262144     Stopping...    

2026-09-26T16:37:47+00:00
MemAvailable_GiB=60.50 SwapUsed_GiB=4.58
VM=pswpin=2440839 pswpout=3545698 pgmajfault=30428008
GPU=22678, 9, 141.36, 57
NAME                                        ID              SIZE     PROCESSOR          CONTEXT    UNTIL       
qwen3.8-flash-next:125b-a6b-q8_0-ab-262k    64a2f0455da7    74 GB    73%/27% CPU/GPU    262144     Stopping...    

2026-09-26T16:38:17+00:00
MemAvailable_GiB=60.47 SwapUsed_GiB=4.55
VM=pswpin=2451809 pswpout=3547838 pgmajfault=30543605
GPU=22678, 11, 140.93, 58
NAME                                        ID              SIZE     PROCESSOR          CONTEXT    UNTIL       
qwen3.8-flash-next:125b-a6b-q8_0-ab-262k    64a2f0455da7    74 GB    73%/27% CPU/GPU    262144     Stopping...    

2026-09-26T16:38:48+00:00
MemAvailable_GiB=60.49 SwapUsed_GiB=4.57
VM=pswpin=2455943 pswpout=3556982 pgmajfault=30660125
GPU=22678, 16, 136.48, 58
NAME                                        ID              SIZE     PROCESSOR          CONTEXT    UNTIL       
qwen3.8-flash-next:125b-a6b-q8_0-ab-262k    64a2f0455da7    74 GB    73%/27% CPU/GPU    262144     Stopping...    

2026-09-26T16:39:18+00:00
MemAvailable_GiB=60.46 SwapUsed_GiB=4.54
VM=pswpin=2466584 pswpout=3557836 pgmajfault=30770289
GPU=22678, 15, 145.96, 58
NAME                                        ID              SIZE     PROCESSOR          CONTEXT    UNTIL       
qwen3.8-flash-next:125b-a6b-q8_0-ab-262k    64a2f0455da7    74 GB    73%/27% CPU/GPU    262144     Stopping...    

2026-09-26T16:39:48+00:00
MemAvailable_GiB=60.46 SwapUsed_GiB=4.55
VM=pswpin=2474993 pswpout=3569460 pgmajfault=30880439
GPU=22678, 15, 146.38, 58
NAME                                        ID              SIZE     PROCESSOR          CONTEXT    UNTIL       
qwen3.8-flash-next:125b-a6b-q8_0-ab-262k    64a2f0455da7    74 GB    73%/27% CPU/GPU    262144     Stopping...    

2026-09-26T16:40:18+00:00
MemAvailable_GiB=60.48 SwapUsed_GiB=4.57
VM=pswpin=2479150 pswpout=3578009 pgmajfault=30997102
GPU=22678, 17, 147.58, 58
NAME                                        ID              SIZE     PROCESSOR          CONTEXT    UNTIL       
qwen3.8-flash-next:125b-a6b-q8_0-ab-262k    64a2f0455da7    74 GB    73%/27% CPU/GPU    262144     Stopping...    

2026-09-26T16:40:48+00:00
MemAvailable_GiB=60.46 SwapUsed_GiB=4.54
VM=pswpin=2490429 pswpout=3579170 pgmajfault=31114106
GPU=22678, 9, 135.68, 57
NAME                                        ID              SIZE     PROCESSOR          CONTEXT    UNTIL       
qwen3.8-flash-next:125b-a6b-q8_0-ab-262k    64a2f0455da7    74 GB    73%/27% CPU/GPU    262144     Stopping...    

2026-09-26T16:41:18+00:00
MemAvailable_GiB=60.47 SwapUsed_GiB=4.56
VM=pswpin=2494048 pswpout=3589050 pgmajfault=31222115
GPU=22678, 16, 152.33, 59
NAME                                        ID              SIZE     PROCESSOR          CONTEXT    UNTIL       
qwen3.8-flash-next:125b-a6b-q8_0-ab-262k    64a2f0455da7    74 GB    73%/27% CPU/GPU    262144     Stopping...    

2026-09-26T16:41:48+00:00
MemAvailable_GiB=60.48 SwapUsed_GiB=4.57
VM=pswpin=2502512 pswpout=3599099 pgmajfault=31334127
GPU=22678, 3, 133.03, 57
NAME                                        ID              SIZE     PROCESSOR          CONTEXT    UNTIL       
qwen3.8-flash-next:125b-a6b-q8_0-ab-262k    64a2f0455da7    74 GB    73%/27% CPU/GPU    262144     Stopping...    

2026-09-26T16:42:19+00:00
MemAvailable_GiB=60.46 SwapUsed_GiB=4.54
VM=pswpin=2513588 pswpout=3601271 pgmajfault=31450735
GPU=22678, 6, 148.21, 58
NAME                                        ID              SIZE     PROCESSOR          CONTEXT    UNTIL       
qwen3.8-flash-next:125b-a6b-q8_0-ab-262k    64a2f0455da7    74 GB    73%/27% CPU/GPU    262144     Stopping...    

2026-09-26T16:42:49+00:00
MemAvailable_GiB=60.49 SwapUsed_GiB=4.57
VM=pswpin=2515633 pswpout=3611319 pgmajfault=31565928
GPU=22678, 13, 147.41, 58
NAME                                        ID              SIZE     PROCESSOR          CONTEXT    UNTIL       
qwen3.8-flash-next:125b-a6b-q8_0-ab-262k    64a2f0455da7    74 GB    73%/27% CPU/GPU    262144     Stopping...    

2026-09-26T16:43:19+00:00
MemAvailable_GiB=60.45 SwapUsed_GiB=4.54
VM=pswpin=2526329 pswpout=3612175 pgmajfault=31692666
GPU=22678, 7, 144.04, 57
NAME                                        ID              SIZE     PROCESSOR          CONTEXT    UNTIL       
qwen3.8-flash-next:125b-a6b-q8_0-ab-262k    64a2f0455da7    74 GB    73%/27% CPU/GPU    262144     Stopping...    

2026-09-26T16:43:49+00:00
MemAvailable_GiB=60.49 SwapUsed_GiB=4.57
VM=pswpin=2527621 pswpout=3623117 pgmajfault=31821068
GPU=22678, 5, 133.03, 57
NAME                                        ID              SIZE     PROCESSOR          CONTEXT    UNTIL       
qwen3.8-flash-next:125b-a6b-q8_0-ab-262k    64a2f0455da7    74 GB    73%/27% CPU/GPU    262144     Stopping...    

2026-09-26T16:44:19+00:00
MemAvailable_GiB=60.46 SwapUsed_GiB=4.55
VM=pswpin=2538448 pswpout=3625641 pgmajfault=31936468
GPU=22678, 6, 131.78, 57
NAME                                        ID              SIZE     PROCESSOR          CONTEXT    UNTIL       
qwen3.8-flash-next:125b-a6b-q8_0-ab-262k    64a2f0455da7    74 GB    73%/27% CPU/GPU    262144     Stopping...    

2026-09-26T16:44:49+00:00
MemAvailable_GiB=60.46 SwapUsed_GiB=4.54
VM=pswpin=2542655 pswpout=3627219 pgmajfault=32046284
GPU=22678, 3, 148.65, 57
NAME                                        ID              SIZE     PROCESSOR          CONTEXT    UNTIL       
qwen3.8-flash-next:125b-a6b-q8_0-ab-262k    64a2f0455da7    74 GB    73%/27% CPU/GPU    262144     Stopping...    

2026-09-26T16:45:19+00:00
MemAvailable_GiB=60.49 SwapUsed_GiB=4.57
VM=pswpin=2545937 pswpout=3639516 pgmajfault=32166298
GPU=22678, 13, 139.09, 58
NAME                                        ID              SIZE     PROCESSOR          CONTEXT    UNTIL       
qwen3.8-flash-next:125b-a6b-q8_0-ab-262k    64a2f0455da7    74 GB    73%/27% CPU/GPU    262144     Stopping...    

2026-09-26T16:45:50+00:00
MemAvailable_GiB=60.46 SwapUsed_GiB=4.55
VM=pswpin=2555240 pswpout=3641208 pgmajfault=32272361
GPU=22678, 15, 154.07, 58
NAME                                        ID              SIZE     PROCESSOR          CONTEXT    UNTIL       
qwen3.8-flash-next:125b-a6b-q8_0-ab-262k    64a2f0455da7    74 GB    73%/27% CPU/GPU    262144     Stopping...    

2026-09-26T16:46:20+00:00
MemAvailable_GiB=60.48 SwapUsed_GiB=4.57
VM=pswpin=2560265 pswpout=3650513 pgmajfault=32389038
GPU=22678, 3, 136.06, 57
NAME                                        ID              SIZE     PROCESSOR          CONTEXT    UNTIL       
qwen3.8-flash-next:125b-a6b-q8_0-ab-262k    64a2f0455da7    74 GB    73%/27% CPU/GPU    262144     Stopping...    

2026-09-26T16:46:50+00:00
MemAvailable_GiB=60.44 SwapUsed_GiB=4.53
VM=pswpin=2572304 pswpout=3653056 pgmajfault=32508865
GPU=22678, 17, 152.13, 58
NAME                                        ID              SIZE     PROCESSOR          CONTEXT    UNTIL       
qwen3.8-flash-next:125b-a6b-q8_0-ab-262k    64a2f0455da7    74 GB    73%/27% CPU/GPU    262144     Stopping...    

2026-09-26T16:47:20+00:00
MemAvailable_GiB=60.48 SwapUsed_GiB=4.57
VM=pswpin=2575215 pswpout=3665450 pgmajfault=32629462
GPU=22678, 5, 135.10, 57
NAME                                        ID              SIZE     PROCESSOR          CONTEXT    UNTIL       
qwen3.8-flash-next:125b-a6b-q8_0-ab-262k    64a2f0455da7    74 GB    73%/27% CPU/GPU    262144     Stopping...    

2026-09-26T16:47:50+00:00
MemAvailable_GiB=60.46 SwapUsed_GiB=4.56
VM=pswpin=2584543 pswpout=3669797 pgmajfault=32746722
GPU=22678, 1, 138.79, 57
NAME                                        ID              SIZE     PROCESSOR          CONTEXT    UNTIL       
qwen3.8-flash-next:125b-a6b-q8_0-ab-262k    64a2f0455da7    74 GB    73%/27% CPU/GPU    262144     Stopping...    

2026-09-26T16:48:20+00:00
MemAvailable_GiB=60.46 SwapUsed_GiB=4.55
VM=pswpin=2594009 pswpout=3676785 pgmajfault=32851928
GPU=22678, 17, 142.38, 59
NAME                                        ID              SIZE     PROCESSOR          CONTEXT    UNTIL       
qwen3.8-flash-next:125b-a6b-q8_0-ab-262k    64a2f0455da7    74 GB    73%/27% CPU/GPU    262144     Stopping...    

2026-09-26T16:48:50+00:00
MemAvailable_GiB=60.49 SwapUsed_GiB=4.58
VM=pswpin=2597816 pswpout=3686959 pgmajfault=32956391
GPU=22678, 12, 152.18, 58
NAME                                        ID              SIZE     PROCESSOR          CONTEXT    UNTIL       
qwen3.8-flash-next:125b-a6b-q8_0-ab-262k    64a2f0455da7    74 GB    73%/27% CPU/GPU    262144     Stopping...    

2026-09-26T16:49:20+00:00
MemAvailable_GiB=60.46 SwapUsed_GiB=4.55
VM=pswpin=2609288 pswpout=3691409 pgmajfault=33077157
GPU=22678, 12, 144.21, 58
NAME                                        ID              SIZE     PROCESSOR          CONTEXT    UNTIL       
qwen3.8-flash-next:125b-a6b-q8_0-ab-262k    64a2f0455da7    74 GB    73%/27% CPU/GPU    262144     Stopping...    

2026-09-26T16:49:50+00:00
MemAvailable_GiB=60.46 SwapUsed_GiB=4.56
VM=pswpin=2618380 pswpout=3700819 pgmajfault=33189954
GPU=22678, 3, 123.58, 57
NAME                                        ID              SIZE     PROCESSOR          CONTEXT    UNTIL       
qwen3.8-flash-next:125b-a6b-q8_0-ab-262k    64a2f0455da7    74 GB    73%/27% CPU/GPU    262144     Stopping...    

2026-09-26T16:50:21+00:00
MemAvailable_GiB=60.46 SwapUsed_GiB=4.55
VM=pswpin=2622132 pswpout=3702853 pgmajfault=33305560
GPU=22678, 9, 125.17, 57
NAME                                        ID              SIZE     PROCESSOR          CONTEXT    UNTIL       
qwen3.8-flash-next:125b-a6b-q8_0-ab-262k    64a2f0455da7    74 GB    73%/27% CPU/GPU    262144     Stopping...    

2026-09-26T16:50:51+00:00
MemAvailable_GiB=60.46 SwapUsed_GiB=4.55
VM=pswpin=2634270 pswpout=3713212 pgmajfault=33415713
GPU=22678, 9, 142.42, 58
NAME                                        ID              SIZE     PROCESSOR          CONTEXT    UNTIL       
qwen3.8-flash-next:125b-a6b-q8_0-ab-262k    64a2f0455da7    74 GB    73%/27% CPU/GPU    262144     Stopping...    

2026-09-26T16:51:21+00:00
MemAvailable_GiB=60.49 SwapUsed_GiB=4.57
VM=pswpin=2639000 pswpout=3722193 pgmajfault=33534069
GPU=22678, 14, 141.10, 58
NAME                                        ID              SIZE     PROCESSOR          CONTEXT    UNTIL       
qwen3.8-flash-next:125b-a6b-q8_0-ab-262k    64a2f0455da7    74 GB    73%/27% CPU/GPU    262144     Stopping...    

2026-09-26T16:51:51+00:00
MemAvailable_GiB=60.47 SwapUsed_GiB=4.55
VM=pswpin=2648533 pswpout=3726461 pgmajfault=33650945
GPU=22678, 10, 139.55, 58
NAME                                        ID              SIZE     PROCESSOR          CONTEXT    UNTIL       
qwen3.8-flash-next:125b-a6b-q8_0-ab-262k    64a2f0455da7    74 GB    73%/27% CPU/GPU    262144     Stopping...    

2026-09-26T16:52:21+00:00
MemAvailable_GiB=60.48 SwapUsed_GiB=4.57
VM=pswpin=2651670 pswpout=3734173 pgmajfault=33771410
GPU=22678, 13, 146.61, 58
NAME                                        ID              SIZE     PROCESSOR          CONTEXT    UNTIL       
qwen3.8-flash-next:125b-a6b-q8_0-ab-262k    64a2f0455da7    74 GB    73%/27% CPU/GPU    262144     Stopping...    

2026-09-26T16:52:51+00:00
MemAvailable_GiB=60.46 SwapUsed_GiB=4.54
VM=pswpin=2663033 pswpout=3738518 pgmajfault=33884761
GPU=22678, 5, 148.58, 58
NAME                                        ID              SIZE     PROCESSOR          CONTEXT    UNTIL       
qwen3.8-flash-next:125b-a6b-q8_0-ab-262k    64a2f0455da7    74 GB    73%/27% CPU/GPU    262144     Stopping...    

2026-09-26T16:53:21+00:00
MemAvailable_GiB=60.46 SwapUsed_GiB=4.54
VM=pswpin=2674125 pswpout=3748167 pgmajfault=34003421
GPU=22678, 9, 140.76, 57
NAME                                        ID              SIZE     PROCESSOR          CONTEXT    UNTIL       
qwen3.8-flash-next:125b-a6b-q8_0-ab-262k    64a2f0455da7    74 GB    73%/27% CPU/GPU    262144     Stopping...    

2026-09-26T16:53:52+00:00
MemAvailable_GiB=60.47 SwapUsed_GiB=4.55
VM=pswpin=2675606 pswpout=3749966 pgmajfault=34120650
GPU=22678, 13, 139.18, 58
NAME                                        ID              SIZE     PROCESSOR          CONTEXT    UNTIL       
qwen3.8-flash-next:125b-a6b-q8_0-ab-262k    64a2f0455da7    74 GB    73%/27% CPU/GPU    262144     Stopping...    

2026-09-26T16:54:22+00:00
MemAvailable_GiB=60.46 SwapUsed_GiB=4.54
VM=pswpin=2686436 pswpout=3759520 pgmajfault=34230462
GPU=22678, 4, 130.43, 57
NAME                                        ID              SIZE     PROCESSOR          CONTEXT    UNTIL       
qwen3.8-flash-next:125b-a6b-q8_0-ab-262k    64a2f0455da7    74 GB    73%/27% CPU/GPU    262144     Stopping...    

2026-09-26T16:54:52+00:00
MemAvailable_GiB=60.49 SwapUsed_GiB=4.57
VM=pswpin=2690506 pswpout=3770123 pgmajfault=34346082
GPU=22678, 11, 131.37, 58
NAME                                        ID              SIZE     PROCESSOR          CONTEXT    UNTIL       
qwen3.8-flash-next:125b-a6b-q8_0-ab-262k    64a2f0455da7    74 GB    73%/27% CPU/GPU    262144     Stopping...    

2026-09-26T16:55:22+00:00
MemAvailable_GiB=60.48 SwapUsed_GiB=4.57
VM=pswpin=2701220 pswpout=3778671 pgmajfault=34464354
GPU=22678, 14, 142.67, 58
NAME                                        ID              SIZE     PROCESSOR          CONTEXT    UNTIL       
qwen3.8-flash-next:125b-a6b-q8_0-ab-262k    64a2f0455da7    74 GB    73%/27% CPU/GPU    262144     Stopping...    

2026-09-26T16:55:52+00:00
MemAvailable_GiB=60.46 SwapUsed_GiB=4.55
VM=pswpin=2711014 pswpout=3781890 pgmajfault=34569454
GPU=22678, 19, 154.13, 59
NAME                                        ID              SIZE     PROCESSOR          CONTEXT    UNTIL       
qwen3.8-flash-next:125b-a6b-q8_0-ab-262k    64a2f0455da7    74 GB    73%/27% CPU/GPU    262144     Stopping...    

2026-09-26T16:56:22+00:00
MemAvailable_GiB=60.45 SwapUsed_GiB=4.54
VM=pswpin=2714054 pswpout=3782352 pgmajfault=34685169
GPU=22678, 5, 138.56, 58
NAME                                        ID              SIZE     PROCESSOR          CONTEXT    UNTIL       
qwen3.8-flash-next:125b-a6b-q8_0-ab-262k    64a2f0455da7    74 GB    73%/27% CPU/GPU    262144     Stopping...    

2026-09-26T16:56:52+00:00
MemAvailable_GiB=60.46 SwapUsed_GiB=4.54
VM=pswpin=2724988 pswpout=3793519 pgmajfault=34815457
GPU=22678, 11, 137.30, 57
NAME                                        ID              SIZE     PROCESSOR          CONTEXT    UNTIL       
qwen3.8-flash-next:125b-a6b-q8_0-ab-262k    64a2f0455da7    74 GB    73%/27% CPU/GPU    262144     Stopping...    

2026-09-26T16:57:22+00:00
MemAvailable_GiB=60.48 SwapUsed_GiB=4.57
VM=pswpin=2727082 pswpout=3802295 pgmajfault=34931952
GPU=22678, 13, 147.57, 58
NAME                                        ID              SIZE     PROCESSOR          CONTEXT    UNTIL       
qwen3.8-flash-next:125b-a6b-q8_0-ab-262k    64a2f0455da7    74 GB    73%/27% CPU/GPU    262144     Stopping...    

2026-09-26T16:57:53+00:00
MemAvailable_GiB=60.46 SwapUsed_GiB=4.55
VM=pswpin=2736044 pswpout=3805300 pgmajfault=35050989
GPU=22678, 7, 138.16, 57
NAME                                        ID              SIZE     PROCESSOR          CONTEXT    UNTIL       
qwen3.8-flash-next:125b-a6b-q8_0-ab-262k    64a2f0455da7    74 GB    73%/27% CPU/GPU    262144     Stopping...    

2026-09-26T16:58:23+00:00
MemAvailable_GiB=60.50 SwapUsed_GiB=4.57
VM=pswpin=2739343 pswpout=3814796 pgmajfault=35162652
GPU=22678, 11, 152.87, 58
NAME                                        ID              SIZE     PROCESSOR          CONTEXT    UNTIL       
qwen3.8-flash-next:125b-a6b-q8_0-ab-262k    64a2f0455da7    74 GB    73%/27% CPU/GPU    262144     Stopping...    

2026-09-26T16:58:53+00:00
MemAvailable_GiB=60.48 SwapUsed_GiB=4.56
VM=pswpin=2751166 pswpout=3823712 pgmajfault=35283200
GPU=22678, 13, 136.01, 58
NAME                                        ID              SIZE     PROCESSOR          CONTEXT    UNTIL       
qwen3.8-flash-next:125b-a6b-q8_0-ab-262k    64a2f0455da7    74 GB    73%/27% CPU/GPU    262144     Stopping...    

2026-09-26T16:59:23+00:00
MemAvailable_GiB=60.48 SwapUsed_GiB=4.57
VM=pswpin=2754777 pswpout=3827496 pgmajfault=35400521
GPU=22678, 10, 130.70, 57
NAME                                        ID              SIZE     PROCESSOR          CONTEXT    UNTIL       
qwen3.8-flash-next:125b-a6b-q8_0-ab-262k    64a2f0455da7    74 GB    73%/27% CPU/GPU    262144     Stopping...    

2026-09-26T16:59:53+00:00
MemAvailable_GiB=60.49 SwapUsed_GiB=4.58
VM=pswpin=2763798 pswpout=3838330 pgmajfault=35519036
GPU=22678, 6, 138.53, 57
NAME                                        ID              SIZE     PROCESSOR          CONTEXT    UNTIL       
qwen3.8-flash-next:125b-a6b-q8_0-ab-262k    64a2f0455da7    74 GB    73%/27% CPU/GPU    262144     Stopping...    

2026-09-26T17:00:23+00:00
MemAvailable_GiB=60.46 SwapUsed_GiB=4.55
VM=pswpin=2775556 pswpout=3841760 pgmajfault=35645073
GPU=22678, 7, 137.39, 57
NAME                                        ID              SIZE     PROCESSOR          CONTEXT    UNTIL       
qwen3.8-flash-next:125b-a6b-q8_0-ab-262k    64a2f0455da7    74 GB    73%/27% CPU/GPU    262144     Stopping...    

2026-09-26T17:00:53+00:00
MemAvailable_GiB=60.45 SwapUsed_GiB=4.54
VM=pswpin=2780140 pswpout=3842294 pgmajfault=35759932
GPU=22678, 2, 132.73, 57
NAME                                        ID              SIZE     PROCESSOR          CONTEXT    UNTIL       
qwen3.8-flash-next:125b-a6b-q8_0-ab-262k    64a2f0455da7    74 GB    73%/27% CPU/GPU    262144     Stopping...    

2026-09-26T17:01:24+00:00
MemAvailable_GiB=60.42 SwapUsed_GiB=4.54
VM=pswpin=2791055 pswpout=3853590 pgmajfault=35885690
GPU=22678, 12, 142.94, 58
NAME                                        ID              SIZE     PROCESSOR          CONTEXT    UNTIL       
qwen3.8-flash-next:125b-a6b-q8_0-ab-262k    64a2f0455da7    74 GB    73%/27% CPU/GPU    262144     Stopping...    

2026-09-26T17:01:54+00:00
MemAvailable_GiB=60.47 SwapUsed_GiB=4.55
VM=pswpin=2792386 pswpout=3857584 pgmajfault=35995267
GPU=22678, 10, 148.69, 58
NAME                                        ID              SIZE     PROCESSOR          CONTEXT    UNTIL       
qwen3.8-flash-next:125b-a6b-q8_0-ab-262k    64a2f0455da7    74 GB    73%/27% CPU/GPU    262144     Stopping...    

2026-09-26T17:02:24+00:00
MemAvailable_GiB=60.46 SwapUsed_GiB=4.55
VM=pswpin=2803183 pswpout=3865796 pgmajfault=36129097
GPU=22678, 7, 132.44, 57
NAME                                        ID              SIZE     PROCESSOR          CONTEXT    UNTIL       
qwen3.8-flash-next:125b-a6b-q8_0-ab-262k    64a2f0455da7    74 GB    73%/27% CPU/GPU    262144     Stopping...    

2026-09-26T17:02:54+00:00
MemAvailable_GiB=60.49 SwapUsed_GiB=4.57
VM=pswpin=2807276 pswpout=3875804 pgmajfault=36257142
GPU=22678, 9, 142.62, 57
NAME                                        ID              SIZE     PROCESSOR          CONTEXT    UNTIL       
qwen3.8-flash-next:125b-a6b-q8_0-ab-262k    64a2f0455da7    74 GB    73%/27% CPU/GPU    262144     Stopping...    

2026-09-26T17:03:24+00:00
MemAvailable_GiB=60.46 SwapUsed_GiB=4.54
VM=pswpin=2818324 pswpout=3877954 pgmajfault=36377676
GPU=22678, 10, 142.77, 57
NAME                                        ID              SIZE     PROCESSOR          CONTEXT    UNTIL       
qwen3.8-flash-next:125b-a6b-q8_0-ab-262k    64a2f0455da7    74 GB    73%/27% CPU/GPU    262144     Stopping...    

2026-09-26T17:03:54+00:00
MemAvailable_GiB=60.49 SwapUsed_GiB=4.58
VM=pswpin=2819904 pswpout=3888373 pgmajfault=36480724
GPU=22678, 9, 140.36, 58
NAME                                        ID              SIZE     PROCESSOR          CONTEXT    UNTIL       
qwen3.8-flash-next:125b-a6b-q8_0-ab-262k    64a2f0455da7    74 GB    73%/27% CPU/GPU    262144     Stopping...    

2026-09-26T17:04:24+00:00
MemAvailable_GiB=60.47 SwapUsed_GiB=4.55
VM=pswpin=2830049 pswpout=3890672 pgmajfault=36607775
GPU=22678, 7, 136.27, 57
NAME                                        ID              SIZE     PROCESSOR          CONTEXT    UNTIL       
qwen3.8-flash-next:125b-a6b-q8_0-ab-262k    64a2f0455da7    74 GB    73%/27% CPU/GPU    262144     Stopping...    

2026-09-26T17:04:55+00:00
MemAvailable_GiB=60.48 SwapUsed_GiB=4.56
VM=pswpin=2836031 pswpout=3900312 pgmajfault=36722476
GPU=22678, 10, 145.04, 58
NAME                                        ID              SIZE     PROCESSOR          CONTEXT    UNTIL       
qwen3.8-flash-next:125b-a6b-q8_0-ab-262k    64a2f0455da7    74 GB    73%/27% CPU/GPU    262144     Stopping...    

2026-09-26T17:05:25+00:00
MemAvailable_GiB=60.47 SwapUsed_GiB=4.55
VM=pswpin=2844697 pswpout=3904094 pgmajfault=36840662
GPU=22678, 14, 144.51, 58
NAME                                        ID              SIZE     PROCESSOR          CONTEXT    UNTIL       
qwen3.8-flash-next:125b-a6b-q8_0-ab-262k    64a2f0455da7    74 GB    73%/27% CPU/GPU    262144     Stopping...    

2026-09-26T17:05:55+00:00
MemAvailable_GiB=60.47 SwapUsed_GiB=4.56
VM=pswpin=2854267 pswpout=3914443 pgmajfault=36963681
GPU=22678, 3, 131.60, 57
NAME                                        ID              SIZE     PROCESSOR          CONTEXT    UNTIL       
qwen3.8-flash-next:125b-a6b-q8_0-ab-262k    64a2f0455da7    74 GB    73%/27% CPU/GPU    262144     Stopping...    

2026-09-26T17:06:25+00:00
MemAvailable_GiB=60.48 SwapUsed_GiB=4.57
VM=pswpin=2857293 pswpout=3920597 pgmajfault=37095567
GPU=22678, 5, 139.94, 57
NAME                                        ID              SIZE     PROCESSOR          CONTEXT    UNTIL       
qwen3.8-flash-next:125b-a6b-q8_0-ab-262k    64a2f0455da7    74 GB    73%/27% CPU/GPU    262144     Stopping...    

2026-09-26T17:06:55+00:00
MemAvailable_GiB=60.46 SwapUsed_GiB=4.55
VM=pswpin=2867598 pswpout=3924760 pgmajfault=37205602
GPU=22678, 17, 145.89, 58
NAME                                        ID              SIZE     PROCESSOR          CONTEXT    UNTIL       
qwen3.8-flash-next:125b-a6b-q8_0-ab-262k    64a2f0455da7    74 GB    73%/27% CPU/GPU    262144     Stopping...    

2026-09-26T17:07:25+00:00
MemAvailable_GiB=60.48 SwapUsed_GiB=4.56
VM=pswpin=2872055 pswpout=3932047 pgmajfault=37314203
GPU=22678, 15, 146.72, 58
NAME                                        ID              SIZE     PROCESSOR          CONTEXT    UNTIL       
qwen3.8-flash-next:125b-a6b-q8_0-ab-262k    64a2f0455da7    74 GB    73%/27% CPU/GPU    262144     Stopping...    

2026-09-26T17:07:55+00:00
MemAvailable_GiB=60.20 SwapUsed_GiB=4.37
VM=pswpin=2900128 pswpout=3936861 pgmajfault=37431324
GPU=22678, 26, 118.70, 56
NAME                                        ID              SIZE     PROCESSOR          CONTEXT    UNTIL               
qwen3.8-flash-next:125b-a6b-q8_0-ab-262k    64a2f0455da7    74 GB    73%/27% CPU/GPU    262144     29 minutes from now    

2026-09-26T17:08:25+00:00
MemAvailable_GiB=60.12 SwapUsed_GiB=4.24
VM=pswpin=2906269 pswpout=3937000 pgmajfault=37551262
GPU=22678, 10, 141.98, 57
NAME                                        ID              SIZE     PROCESSOR          CONTEXT    UNTIL               
qwen3.8-flash-next:125b-a6b-q8_0-ab-262k    64a2f0455da7    74 GB    73%/27% CPU/GPU    262144     29 minutes from now    

2026-09-26T17:08:55+00:00
MemAvailable_GiB=60.25 SwapUsed_GiB=4.39
VM=pswpin=2934098 pswpout=4003582 pgmajfault=37616523
GPU=22678, 12, 117.50, 55
NAME                                        ID              SIZE     PROCESSOR          CONTEXT    UNTIL               
qwen3.8-flash-next:125b-a6b-q8_0-ab-262k    64a2f0455da7    74 GB    73%/27% CPU/GPU    262144     29 minutes from now    

2026-09-26T17:09:26+00:00
MemAvailable_GiB=60.31 SwapUsed_GiB=4.45
VM=pswpin=2941298 pswpout=4055070 pgmajfault=37633457
GPU=22678, 14, 118.43, 55
NAME                                        ID              SIZE     PROCESSOR          CONTEXT    UNTIL               
qwen3.8-flash-next:125b-a6b-q8_0-ab-262k    64a2f0455da7    74 GB    73%/27% CPU/GPU    262144     29 minutes from now    

2026-09-26T17:09:56+00:00
MemAvailable_GiB=60.34 SwapUsed_GiB=4.47
VM=pswpin=2941740 pswpout=4060686 pgmajfault=37643454
GPU=22678, 8, 121.22, 55
NAME                                        ID              SIZE     PROCESSOR          CONTEXT    UNTIL               
qwen3.8-flash-next:125b-a6b-q8_0-ab-262k    64a2f0455da7    74 GB    73%/27% CPU/GPU    262144     28 minutes from now    

2026-09-26T17:10:26+00:00
MemAvailable_GiB=60.31 SwapUsed_GiB=4.43
VM=pswpin=2945956 pswpout=4081994 pgmajfault=37654606
GPU=22678, 4, 120.90, 54
NAME                                        ID              SIZE     PROCESSOR          CONTEXT    UNTIL               
qwen3.8-flash-next:125b-a6b-q8_0-ab-262k    64a2f0455da7    74 GB    73%/27% CPU/GPU    262144     28 minutes from now    

2026-09-26T17:10:56+00:00
MemAvailable_GiB=60.35 SwapUsed_GiB=4.46
VM=pswpin=2963183 pswpout=4108035 pgmajfault=37788147
GPU=22678, 15, 151.07, 56
NAME                                        ID              SIZE     PROCESSOR          CONTEXT    UNTIL               
qwen3.8-flash-next:125b-a6b-q8_0-ab-262k    64a2f0455da7    74 GB    73%/27% CPU/GPU    262144     27 minutes from now    

2026-09-26T17:11:26+00:00
MemAvailable_GiB=60.35 SwapUsed_GiB=4.47
VM=pswpin=2967549 pswpout=4114071 pgmajfault=37859798
GPU=22678, 11, 152.51, 57
NAME                                        ID              SIZE     PROCESSOR          CONTEXT    UNTIL               
qwen3.8-flash-next:125b-a6b-q8_0-ab-262k    64a2f0455da7    74 GB    73%/27% CPU/GPU    262144     27 minutes from now    

2026-09-26T17:11:56+00:00
MemAvailable_GiB=60.44 SwapUsed_GiB=4.56
VM=pswpin=2968887 pswpout=4138690 pgmajfault=37899231
GPU=22678, 19, 171.24, 59
NAME                                        ID              SIZE     PROCESSOR          CONTEXT    UNTIL               
qwen3.8-flash-next:125b-a6b-q8_0-ab-262k    64a2f0455da7    74 GB    73%/27% CPU/GPU    262144     26 minutes from now    

2026-09-26T17:12:26+00:00
MemAvailable_GiB=60.45 SwapUsed_GiB=4.57
VM=pswpin=2978590 pswpout=4150751 pgmajfault=37956970
GPU=22678, 23, 169.92, 60
NAME                                        ID              SIZE     PROCESSOR          CONTEXT    UNTIL               
qwen3.8-flash-next:125b-a6b-q8_0-ab-262k    64a2f0455da7    74 GB    73%/27% CPU/GPU    262144     26 minutes from now    

2026-09-26T17:12:56+00:00
MemAvailable_GiB=60.43 SwapUsed_GiB=4.56
VM=pswpin=2983658 pswpout=4151201 pgmajfault=38003998
GPU=22678, 24, 174.80, 60
NAME                                        ID              SIZE     PROCESSOR          CONTEXT    UNTIL               
qwen3.8-flash-next:125b-a6b-q8_0-ab-262k    64a2f0455da7    74 GB    73%/27% CPU/GPU    262144     25 minutes from now    

2026-09-26T17:13:26+00:00
MemAvailable_GiB=60.44 SwapUsed_GiB=4.55
VM=pswpin=2985033 pswpout=4151352 pgmajfault=38055248
GPU=22678, 14, 167.89, 61
NAME                                        ID              SIZE     PROCESSOR          CONTEXT    UNTIL               
qwen3.8-flash-next:125b-a6b-q8_0-ab-262k    64a2f0455da7    74 GB    73%/27% CPU/GPU    262144     25 minutes from now    

2026-09-26T17:13:57+00:00
MemAvailable_GiB=60.46 SwapUsed_GiB=4.57
VM=pswpin=2985990 pswpout=4157654 pgmajfault=38143841
GPU=22678, 9, 132.72, 59
NAME                                        ID              SIZE     PROCESSOR          CONTEXT    UNTIL               
qwen3.8-flash-next:125b-a6b-q8_0-ab-262k    64a2f0455da7    74 GB    73%/27% CPU/GPU    262144     24 minutes from now    

2026-09-26T17:14:27+00:00
MemAvailable_GiB=60.25 SwapUsed_GiB=4.38
VM=pswpin=3015103 pswpout=4163150 pgmajfault=38198687
GPU=22678, 11, 117.12, 56
NAME                                        ID              SIZE     PROCESSOR          CONTEXT    UNTIL               
qwen3.8-flash-next:125b-a6b-q8_0-ab-262k    64a2f0455da7    74 GB    73%/27% CPU/GPU    262144     29 minutes from now    

2026-09-26T17:14:57+00:00
MemAvailable_GiB=60.38 SwapUsed_GiB=4.52
VM=pswpin=3016983 pswpout=4203292 pgmajfault=38207534
GPU=22678, 9, 117.00, 55
NAME                                        ID              SIZE     PROCESSOR          CONTEXT    UNTIL               
qwen3.8-flash-next:125b-a6b-q8_0-ab-262k    64a2f0455da7    74 GB    73%/27% CPU/GPU    262144     29 minutes from now    

2026-09-26T17:15:27+00:00
MemAvailable_GiB=60.22 SwapUsed_GiB=4.35
VM=pswpin=3035199 pswpout=4203339 pgmajfault=38289491
GPU=22678, 6, 134.60, 56
NAME                                        ID              SIZE     PROCESSOR          CONTEXT    UNTIL               
qwen3.8-flash-next:125b-a6b-q8_0-ab-262k    64a2f0455da7    74 GB    73%/27% CPU/GPU    262144     28 minutes from now    

2026-09-26T17:15:57+00:00
MemAvailable_GiB=60.32 SwapUsed_GiB=4.45
VM=pswpin=3038476 pswpout=4231591 pgmajfault=38386633
GPU=22678, 20, 159.22, 58
NAME                                        ID              SIZE     PROCESSOR          CONTEXT    UNTIL               
qwen3.8-flash-next:125b-a6b-q8_0-ab-262k    64a2f0455da7    74 GB    73%/27% CPU/GPU    262144     28 minutes from now    

2026-09-26T17:16:27+00:00
MemAvailable_GiB=60.49 SwapUsed_GiB=4.62
VM=pswpin=3039826 pswpout=4278064 pgmajfault=38514836
GPU=22678, 6, 134.26, 57
NAME                                        ID              SIZE     PROCESSOR          CONTEXT    UNTIL               
qwen3.8-flash-next:125b-a6b-q8_0-ab-262k    64a2f0455da7    74 GB    73%/27% CPU/GPU    262144     27 minutes from now    

2026-09-26T17:16:57+00:00
MemAvailable_GiB=60.48 SwapUsed_GiB=4.60
VM=pswpin=3050703 pswpout=4282380 pgmajfault=38630416
GPU=22678, 16, 146.29, 58
NAME                                        ID              SIZE     PROCESSOR          CONTEXT    UNTIL               
qwen3.8-flash-next:125b-a6b-q8_0-ab-262k    64a2f0455da7    74 GB    73%/27% CPU/GPU    262144     27 minutes from now    

2026-09-26T17:17:27+00:00
MemAvailable_GiB=60.45 SwapUsed_GiB=4.58
VM=pswpin=3063378 pswpout=4289170 pgmajfault=38738730
GPU=22678, 15, 149.16, 58
NAME                                        ID              SIZE     PROCESSOR          CONTEXT    UNTIL               
qwen3.8-flash-next:125b-a6b-q8_0-ab-262k    64a2f0455da7    74 GB    73%/27% CPU/GPU    262144     26 minutes from now    

2026-09-26T17:17:57+00:00
MemAvailable_GiB=60.49 SwapUsed_GiB=4.60
VM=pswpin=3065101 pswpout=4297572 pgmajfault=38827620
GPU=22678, 14, 156.13, 59
NAME                                        ID              SIZE     PROCESSOR          CONTEXT    UNTIL               
qwen3.8-flash-next:125b-a6b-q8_0-ab-262k    64a2f0455da7    74 GB    73%/27% CPU/GPU    262144     26 minutes from now    

2026-09-26T17:18:28+00:00
MemAvailable_GiB=60.46 SwapUsed_GiB=4.59
VM=pswpin=3072593 pswpout=4300463 pgmajfault=38932122
GPU=22678, 21, 155.11, 59
NAME                                        ID              SIZE     PROCESSOR          CONTEXT    UNTIL               
qwen3.8-flash-next:125b-a6b-q8_0-ab-262k    64a2f0455da7    74 GB    73%/27% CPU/GPU    262144     25 minutes from now    

2026-09-26T17:18:58+00:00
MemAvailable_GiB=60.46 SwapUsed_GiB=4.59
VM=pswpin=3084060 pswpout=4311109 pgmajfault=39048297
GPU=22678, 8, 141.64, 58
NAME                                        ID              SIZE     PROCESSOR          CONTEXT    UNTIL               
qwen3.8-flash-next:125b-a6b-q8_0-ab-262k    64a2f0455da7    74 GB    73%/27% CPU/GPU    262144     25 minutes from now    

2026-09-26T17:19:28+00:00
MemAvailable_GiB=60.47 SwapUsed_GiB=4.59
VM=pswpin=3090169 pswpout=4318168 pgmajfault=39149653
GPU=22678, 17, 148.26, 59
NAME                                        ID              SIZE     PROCESSOR          CONTEXT    UNTIL               
qwen3.8-flash-next:125b-a6b-q8_0-ab-262k    64a2f0455da7    74 GB    73%/27% CPU/GPU    262144     24 minutes from now    

2026-09-26T17:19:58+00:00
MemAvailable_GiB=60.48 SwapUsed_GiB=4.59
VM=pswpin=3097792 pswpout=4324638 pgmajfault=39259720
GPU=22678, 10, 140.59, 58
NAME                                        ID              SIZE     PROCESSOR          CONTEXT    UNTIL               
qwen3.8-flash-next:125b-a6b-q8_0-ab-262k    64a2f0455da7    74 GB    73%/27% CPU/GPU    262144     24 minutes from now    

2026-09-26T17:20:28+00:00
MemAvailable_GiB=60.47 SwapUsed_GiB=4.59
VM=pswpin=3108474 pswpout=4334073 pgmajfault=39369355
GPU=22678, 5, 138.21, 58
NAME                                        ID              SIZE     PROCESSOR          CONTEXT    UNTIL               
qwen3.8-flash-next:125b-a6b-q8_0-ab-262k    64a2f0455da7    74 GB    73%/27% CPU/GPU    262144     23 minutes from now    

2026-09-26T17:20:58+00:00
MemAvailable_GiB=60.45 SwapUsed_GiB=4.58
VM=pswpin=3112175 pswpout=4334837 pgmajfault=39481339
GPU=22678, 17, 147.60, 59
NAME                                        ID              SIZE     PROCESSOR          CONTEXT    UNTIL               
qwen3.8-flash-next:125b-a6b-q8_0-ab-262k    64a2f0455da7    74 GB    73%/27% CPU/GPU    262144     23 minutes from now    

2026-09-26T17:21:29+00:00
MemAvailable_GiB=60.21 SwapUsed_GiB=4.38
VM=pswpin=3176299 pswpout=4344193 pgmajfault=39594977
GPU=22678, 18, 118.68, 56
NAME                                        ID              SIZE     PROCESSOR          CONTEXT    UNTIL               
qwen3.8-flash-next:125b-a6b-q8_0-ab-262k    64a2f0455da7    74 GB    73%/27% CPU/GPU    262144     29 minutes from now    

2026-09-26T17:21:59+00:00
MemAvailable_GiB=60.23 SwapUsed_GiB=4.37
VM=pswpin=3180718 pswpout=4346730 pgmajfault=39604907
GPU=22678, 10, 116.38, 55
NAME                                        ID              SIZE     PROCESSOR          CONTEXT    UNTIL               
qwen3.8-flash-next:125b-a6b-q8_0-ab-262k    64a2f0455da7    74 GB    73%/27% CPU/GPU    262144     29 minutes from now    

2026-09-26T17:22:29+00:00
MemAvailable_GiB=60.45 SwapUsed_GiB=4.60
VM=pswpin=3181078 pswpout=4407426 pgmajfault=39612205
GPU=22678, 7, 117.24, 55
NAME                                        ID              SIZE     PROCESSOR          CONTEXT    UNTIL               
qwen3.8-flash-next:125b-a6b-q8_0-ab-262k    64a2f0455da7    74 GB    73%/27% CPU/GPU    262144     28 minutes from now    

2026-09-26T17:22:59+00:00
MemAvailable_GiB=60.44 SwapUsed_GiB=4.58
VM=pswpin=3188322 pswpout=4407749 pgmajfault=39623246
GPU=22678, 9, 116.99, 54
NAME                                        ID              SIZE     PROCESSOR          CONTEXT    UNTIL               
qwen3.8-flash-next:125b-a6b-q8_0-ab-262k    64a2f0455da7    74 GB    73%/27% CPU/GPU    262144     28 minutes from now    

2026-09-26T17:23:29+00:00
MemAvailable_GiB=60.47 SwapUsed_GiB=4.61
VM=pswpin=3191014 pswpout=4420435 pgmajfault=39630200
GPU=22678, 8, 114.66, 54
NAME                                        ID              SIZE     PROCESSOR          CONTEXT    UNTIL               
qwen3.8-flash-next:125b-a6b-q8_0-ab-262k    64a2f0455da7    74 GB    73%/27% CPU/GPU    262144     27 minutes from now    

2026-09-26T17:23:59+00:00
MemAvailable_GiB=60.43 SwapUsed_GiB=4.61
VM=pswpin=3193677 pswpout=4423175 pgmajfault=39637572
GPU=22678, 8, 114.62, 54
NAME                                        ID              SIZE     PROCESSOR          CONTEXT    UNTIL               
qwen3.8-flash-next:125b-a6b-q8_0-ab-262k    64a2f0455da7    74 GB    73%/27% CPU/GPU    262144     27 minutes from now    

2026-09-26T17:24:29+00:00
MemAvailable_GiB=60.48 SwapUsed_GiB=4.61
VM=pswpin=3199138 pswpout=4427583 pgmajfault=39647335
GPU=22678, 7, 115.93, 54
NAME                                        ID              SIZE     PROCESSOR          CONTEXT    UNTIL               
qwen3.8-flash-next:125b-a6b-q8_0-ab-262k    64a2f0455da7    74 GB    73%/27% CPU/GPU    262144     26 minutes from now    

2026-09-26T17:24:59+00:00
MemAvailable_GiB=60.49 SwapUsed_GiB=4.62
VM=pswpin=3201840 pswpout=4432785 pgmajfault=39654160
GPU=22678, 8, 115.35, 53
NAME                                        ID              SIZE     PROCESSOR          CONTEXT    UNTIL               
qwen3.8-flash-next:125b-a6b-q8_0-ab-262k    64a2f0455da7    74 GB    73%/27% CPU/GPU    262144     26 minutes from now    

2026-09-26T17:25:29+00:00
MemAvailable_GiB=60.34 SwapUsed_GiB=4.49
VM=pswpin=3210940 pswpout=4436048 pgmajfault=39668337
GPU=22678, 11, 114.97, 53
NAME                                        ID              SIZE     PROCESSOR          CONTEXT    UNTIL               
qwen3.8-flash-next:125b-a6b-q8_0-ab-262k    64a2f0455da7    74 GB    73%/27% CPU/GPU    262144     25 minutes from now    

2026-09-26T17:25:59+00:00
MemAvailable_GiB=60.36 SwapUsed_GiB=4.49
VM=pswpin=3211685 pswpout=4437755 pgmajfault=39672256
GPU=22678, 8, 116.10, 53
NAME                                        ID              SIZE     PROCESSOR          CONTEXT    UNTIL               
qwen3.8-flash-next:125b-a6b-q8_0-ab-262k    64a2f0455da7    74 GB    73%/27% CPU/GPU    262144     25 minutes from now    

2026-09-26T17:26:30+00:00
MemAvailable_GiB=60.44 SwapUsed_GiB=4.58
VM=pswpin=3212264 pswpout=4460817 pgmajfault=39676262
GPU=22678, 8, 115.66, 53
NAME                                        ID              SIZE     PROCESSOR          CONTEXT    UNTIL               
qwen3.8-flash-next:125b-a6b-q8_0-ab-262k    64a2f0455da7    74 GB    73%/27% CPU/GPU    262144     24 minutes from now    

2026-09-26T17:27:00+00:00
MemAvailable_GiB=60.33 SwapUsed_GiB=4.47
VM=pswpin=3230925 pswpout=4476980 pgmajfault=39700138
GPU=22678, 5, 121.64, 53
NAME                                        ID              SIZE     PROCESSOR          CONTEXT    UNTIL               
qwen3.8-flash-next:125b-a6b-q8_0-ab-262k    64a2f0455da7    74 GB    73%/27% CPU/GPU    262144     24 minutes from now    

2026-09-26T17:27:30+00:00
MemAvailable_GiB=60.31 SwapUsed_GiB=4.45
VM=pswpin=3237125 pswpout=4477029 pgmajfault=39809159
GPU=22678, 5, 135.18, 55
NAME                                        ID              SIZE     PROCESSOR          CONTEXT    UNTIL               
qwen3.8-flash-next:125b-a6b-q8_0-ab-262k    64a2f0455da7    74 GB    73%/27% CPU/GPU    262144     23 minutes from now    

2026-09-26T17:28:00+00:00
MemAvailable_GiB=60.05 SwapUsed_GiB=4.20
VM=pswpin=3265022 pswpout=4496084 pgmajfault=39923067
GPU=22678, 12, 147.54, 56
NAME                                        ID              SIZE     PROCESSOR          CONTEXT    UNTIL               
qwen3.8-flash-next:125b-a6b-q8_0-ab-262k    64a2f0455da7    74 GB    73%/27% CPU/GPU    262144     29 minutes from now    

2026-09-26T17:28:30+00:00
MemAvailable_GiB=60.21 SwapUsed_GiB=4.37
VM=pswpin=3278779 pswpout=4583037 pgmajfault=39975660
GPU=22678, 11, 119.56, 54
NAME                                        ID              SIZE     PROCESSOR          CONTEXT    UNTIL               
qwen3.8-flash-next:125b-a6b-q8_0-ab-262k    64a2f0455da7    74 GB    73%/27% CPU/GPU    262144     29 minutes from now    

2026-09-26T17:29:00+00:00
MemAvailable_GiB=60.45 SwapUsed_GiB=4.59
VM=pswpin=3282948 pswpout=4646247 pgmajfault=39987450
GPU=22678, 8, 115.94, 53
NAME                                        ID              SIZE     PROCESSOR          CONTEXT    UNTIL               
qwen3.8-flash-next:125b-a6b-q8_0-ab-262k    64a2f0455da7    74 GB    73%/27% CPU/GPU    262144     29 minutes from now    

2026-09-26T17:29:30+00:00
MemAvailable_GiB=60.28 SwapUsed_GiB=4.41
VM=pswpin=3303088 pswpout=4646288 pgmajfault=40089958
GPU=22678, 9, 147.81, 55
NAME                                        ID              SIZE     PROCESSOR          CONTEXT    UNTIL               
qwen3.8-flash-next:125b-a6b-q8_0-ab-262k    64a2f0455da7    74 GB    73%/27% CPU/GPU    262144     28 minutes from now    

2026-09-26T17:30:00+00:00
MemAvailable_GiB=60.36 SwapUsed_GiB=4.49
VM=pswpin=3305281 pswpout=4667649 pgmajfault=40178295
GPU=22678, 22, 168.93, 58
NAME                                        ID              SIZE     PROCESSOR          CONTEXT    UNTIL               
qwen3.8-flash-next:125b-a6b-q8_0-ab-262k    64a2f0455da7    74 GB    73%/27% CPU/GPU    262144     28 minutes from now    

2026-09-26T17:30:30+00:00
MemAvailable_GiB=60.42 SwapUsed_GiB=4.55
VM=pswpin=3313852 pswpout=4692585 pgmajfault=40232242
GPU=22678, 23, 161.77, 58
NAME                                        ID              SIZE     PROCESSOR          CONTEXT    UNTIL               
qwen3.8-flash-next:125b-a6b-q8_0-ab-262k    64a2f0455da7    74 GB    73%/27% CPU/GPU    262144     27 minutes from now    

2026-09-26T17:31:00+00:00
MemAvailable_GiB=60.44 SwapUsed_GiB=4.57
VM=pswpin=3317114 pswpout=4701502 pgmajfault=40298729
GPU=22678, 24, 168.28, 59
NAME                                        ID              SIZE     PROCESSOR          CONTEXT    UNTIL               
qwen3.8-flash-next:125b-a6b-q8_0-ab-262k    64a2f0455da7    74 GB    73%/27% CPU/GPU    262144     27 minutes from now    

2026-09-26T17:31:31+00:00
MemAvailable_GiB=60.43 SwapUsed_GiB=4.56
VM=pswpin=3320635 pswpout=4701892 pgmajfault=40333991
GPU=22678, 25, 178.29, 61
NAME                                        ID              SIZE     PROCESSOR          CONTEXT    UNTIL               
qwen3.8-flash-next:125b-a6b-q8_0-ab-262k    64a2f0455da7    74 GB    73%/27% CPU/GPU    262144     26 minutes from now    

2026-09-26T17:32:01+00:00
MemAvailable_GiB=60.43 SwapUsed_GiB=4.57
VM=pswpin=3321714 pswpout=4704937 pgmajfault=40363205
GPU=22678, 18, 156.59, 60
NAME                                        ID              SIZE     PROCESSOR          CONTEXT    UNTIL               
qwen3.8-flash-next:125b-a6b-q8_0-ab-262k    64a2f0455da7    74 GB    73%/27% CPU/GPU    262144     26 minutes from now    

2026-09-26T17:32:31+00:00
MemAvailable_GiB=60.44 SwapUsed_GiB=4.56
VM=pswpin=3323955 pswpout=4705365 pgmajfault=40394969
GPU=22678, 23, 179.54, 62
NAME                                        ID              SIZE     PROCESSOR          CONTEXT    UNTIL               
qwen3.8-flash-next:125b-a6b-q8_0-ab-262k    64a2f0455da7    74 GB    73%/27% CPU/GPU    262144     25 minutes from now    

2026-09-26T17:33:01+00:00
MemAvailable_GiB=60.44 SwapUsed_GiB=4.56
VM=pswpin=3325023 pswpout=4706962 pgmajfault=40433852
GPU=22678, 24, 170.62, 62
NAME                                        ID              SIZE     PROCESSOR          CONTEXT    UNTIL               
qwen3.8-flash-next:125b-a6b-q8_0-ab-262k    64a2f0455da7    74 GB    73%/27% CPU/GPU    262144     25 minutes from now    

2026-09-26T17:33:31+00:00
MemAvailable_GiB=60.45 SwapUsed_GiB=4.58
VM=pswpin=3327184 pswpout=4712576 pgmajfault=40493062
GPU=22678, 17, 174.08, 62
NAME                                        ID              SIZE     PROCESSOR          CONTEXT    UNTIL               
qwen3.8-flash-next:125b-a6b-q8_0-ab-262k    64a2f0455da7    74 GB    73%/27% CPU/GPU    262144     24 minutes from now    

2026-09-26T17:34:01+00:00
MemAvailable_GiB=60.49 SwapUsed_GiB=4.61
VM=pswpin=3328547 pswpout=4723424 pgmajfault=40600038
GPU=22678, 4, 139.76, 59
NAME                                        ID              SIZE     PROCESSOR          CONTEXT    UNTIL               
qwen3.8-flash-next:125b-a6b-q8_0-ab-262k    64a2f0455da7    74 GB    73%/27% CPU/GPU    262144     24 minutes from now    

2026-09-26T17:34:31+00:00
MemAvailable_GiB=60.46 SwapUsed_GiB=4.58
VM=pswpin=3339346 pswpout=4725508 pgmajfault=40719069
GPU=22678, 10, 144.85, 59
NAME                                        ID              SIZE     PROCESSOR          CONTEXT    UNTIL               
qwen3.8-flash-next:125b-a6b-q8_0-ab-262k    64a2f0455da7    74 GB    73%/27% CPU/GPU    262144     23 minutes from now    

2026-09-26T17:35:01+00:00
MemAvailable_GiB=60.47 SwapUsed_GiB=4.60
VM=pswpin=3342755 pswpout=4734137 pgmajfault=40828155
GPU=22678, 17, 151.47, 59
NAME                                        ID              SIZE     PROCESSOR          CONTEXT    UNTIL               
qwen3.8-flash-next:125b-a6b-q8_0-ab-262k    64a2f0455da7    74 GB    73%/27% CPU/GPU    262144     23 minutes from now    

2026-09-26T17:35:31+00:00
MemAvailable_GiB=60.23 SwapUsed_GiB=4.38
VM=pswpin=3404223 pswpout=4735251 pgmajfault=40928205
GPU=22678, 16, 120.26, 58
NAME                                        ID              SIZE     PROCESSOR          CONTEXT    UNTIL               
qwen3.8-flash-next:125b-a6b-q8_0-ab-262k    64a2f0455da7    74 GB    73%/27% CPU/GPU    262144     29 minutes from now    

2026-09-26T17:36:01+00:00
MemAvailable_GiB=60.22 SwapUsed_GiB=4.37
VM=pswpin=3408621 pswpout=4738379 pgmajfault=40939314
GPU=22678, 14, 118.24, 56
NAME                                        ID              SIZE     PROCESSOR          CONTEXT    UNTIL               
qwen3.8-flash-next:125b-a6b-q8_0-ab-262k    64a2f0455da7    74 GB    73%/27% CPU/GPU    262144     29 minutes from now    

2026-09-26T17:36:32+00:00
MemAvailable_GiB=60.41 SwapUsed_GiB=4.55
VM=pswpin=3413721 pswpout=4789121 pgmajfault=40956272
GPU=22678, 10, 116.74, 55
NAME                                        ID              SIZE     PROCESSOR          CONTEXT    UNTIL               
qwen3.8-flash-next:125b-a6b-q8_0-ab-262k    64a2f0455da7    74 GB    73%/27% CPU/GPU    262144     28 minutes from now    

2026-09-26T17:37:02+00:00
MemAvailable_GiB=60.48 SwapUsed_GiB=4.62
VM=pswpin=3416334 pswpout=4809983 pgmajfault=40968901
GPU=22678, 8, 117.49, 55
NAME                                        ID              SIZE     PROCESSOR          CONTEXT    UNTIL               
qwen3.8-flash-next:125b-a6b-q8_0-ab-262k    64a2f0455da7    74 GB    73%/27% CPU/GPU    262144     28 minutes from now    

2026-09-26T17:37:32+00:00
MemAvailable_GiB=60.44 SwapUsed_GiB=4.60
VM=pswpin=3425119 pswpout=4813612 pgmajfault=40990433
GPU=22678, 27, 117.21, 57
NAME                                        ID              SIZE     PROCESSOR          CONTEXT    UNTIL               
qwen3.8-flash-next:125b-a6b-q8_0-ab-262k    64a2f0455da7    74 GB    73%/27% CPU/GPU    262144     27 minutes from now    

2026-09-26T17:38:02+00:00
MemAvailable_GiB=60.47 SwapUsed_GiB=4.60
VM=pswpin=3426578 pswpout=4815831 pgmajfault=41007764
GPU=22678, 29, 120.15, 55
NAME                                        ID              SIZE     PROCESSOR          CONTEXT    UNTIL               
qwen3.8-flash-next:125b-a6b-q8_0-ab-262k    64a2f0455da7    74 GB    73%/27% CPU/GPU    262144     27 minutes from now    

2026-09-26T17:38:32+00:00
MemAvailable_GiB=60.48 SwapUsed_GiB=4.61
VM=pswpin=3431227 pswpout=4822474 pgmajfault=41021243
GPU=22678, 19, 121.88, 55
NAME                                        ID              SIZE     PROCESSOR          CONTEXT    UNTIL               
qwen3.8-flash-next:125b-a6b-q8_0-ab-262k    64a2f0455da7    74 GB    73%/27% CPU/GPU    262144     26 minutes from now    

2026-09-26T17:39:02+00:00
MemAvailable_GiB=60.36 SwapUsed_GiB=4.50
VM=pswpin=3434197 pswpout=4824350 pgmajfault=41034480
GPU=22678, 10, 115.59, 54
NAME                                        ID              SIZE     PROCESSOR          CONTEXT    UNTIL               
qwen3.8-flash-next:125b-a6b-q8_0-ab-262k    64a2f0455da7    74 GB    73%/27% CPU/GPU    262144     26 minutes from now    

2026-09-26T17:39:32+00:00
MemAvailable_GiB=60.47 SwapUsed_GiB=4.60
VM=pswpin=3436377 pswpout=4852614 pgmajfault=41041613
GPU=22678, 7, 114.44, 53
NAME                                        ID              SIZE     PROCESSOR          CONTEXT    UNTIL               
qwen3.8-flash-next:125b-a6b-q8_0-ab-262k    64a2f0455da7    74 GB    73%/27% CPU/GPU    262144     25 minutes from now    

2026-09-26T17:40:02+00:00
MemAvailable_GiB=60.33 SwapUsed_GiB=4.45
VM=pswpin=3455080 pswpout=4861909 pgmajfault=41097734
GPU=22678, 7, 128.52, 54
NAME                                        ID              SIZE     PROCESSOR          CONTEXT    UNTIL               
qwen3.8-flash-next:125b-a6b-q8_0-ab-262k    64a2f0455da7    74 GB    73%/27% CPU/GPU    262144     25 minutes from now    

2026-09-26T17:40:32+00:00
MemAvailable_GiB=60.27 SwapUsed_GiB=4.42
VM=pswpin=3480944 pswpout=4878899 pgmajfault=41207338
GPU=22678, 12, 116.13, 54
NAME                                        ID              SIZE     PROCESSOR          CONTEXT    UNTIL               
qwen3.8-flash-next:125b-a6b-q8_0-ab-262k    64a2f0455da7    74 GB    73%/27% CPU/GPU    262144     29 minutes from now    

2026-09-26T17:41:02+00:00
MemAvailable_GiB=60.30 SwapUsed_GiB=4.45
VM=pswpin=3488801 pswpout=4893662 pgmajfault=41218484
GPU=22678, 7, 114.67, 53
NAME                                        ID              SIZE     PROCESSOR          CONTEXT    UNTIL               
qwen3.8-flash-next:125b-a6b-q8_0-ab-262k    64a2f0455da7    74 GB    73%/27% CPU/GPU    262144     29 minutes from now    

2026-09-26T17:41:33+00:00
MemAvailable_GiB=60.30 SwapUsed_GiB=4.45
VM=pswpin=3490781 pswpout=4894071 pgmajfault=41226654
GPU=22678, 9, 115.16, 53
NAME                                        ID              SIZE     PROCESSOR          CONTEXT    UNTIL               
qwen3.8-flash-next:125b-a6b-q8_0-ab-262k    64a2f0455da7    74 GB    73%/27% CPU/GPU    262144     28 minutes from now    

2026-09-26T17:42:03+00:00
MemAvailable_GiB=60.24 SwapUsed_GiB=4.44
VM=pswpin=3501204 pswpout=4932016 pgmajfault=41276239
GPU=22678, 8, 116.57, 53
NAME                                        ID              SIZE     PROCESSOR          CONTEXT    UNTIL               
qwen3.8-flash-next:125b-a6b-q8_0-ab-262k    64a2f0455da7    74 GB    73%/27% CPU/GPU    262144     28 minutes from now    

2026-09-26T17:42:33+00:00
MemAvailable_GiB=60.34 SwapUsed_GiB=4.55
VM=pswpin=3503255 pswpout=4962594 pgmajfault=41282811
GPU=22678, 6, 114.14, 53
NAME                                        ID              SIZE     PROCESSOR          CONTEXT    UNTIL               
qwen3.8-flash-next:125b-a6b-q8_0-ab-262k    64a2f0455da7    74 GB    73%/27% CPU/GPU    262144     27 minutes from now    

2026-09-26T17:43:03+00:00
MemAvailable_GiB=60.49 SwapUsed_GiB=4.70
VM=pswpin=3506046 pswpout=5004984 pgmajfault=41288851
GPU=22678, 9, 116.46, 53
NAME                                        ID              SIZE     PROCESSOR          CONTEXT    UNTIL               
qwen3.8-flash-next:125b-a6b-q8_0-ab-262k    64a2f0455da7    74 GB    73%/27% CPU/GPU    262144     27 minutes from now    

2026-09-26T17:43:33+00:00
MemAvailable_GiB=60.32 SwapUsed_GiB=4.52
VM=pswpin=3526969 pswpout=5006520 pgmajfault=41377814
GPU=22678, 6, 128.99, 54
NAME                                        ID              SIZE     PROCESSOR          CONTEXT    UNTIL               
qwen3.8-flash-next:125b-a6b-q8_0-ab-262k    64a2f0455da7    74 GB    73%/27% CPU/GPU    262144     26 minutes from now    

2026-09-26T17:44:03+00:00
MemAvailable_GiB=60.42 SwapUsed_GiB=4.62
VM=pswpin=3534210 pswpout=5038347 pgmajfault=41481611
GPU=22678, 4, 127.62, 55
NAME                                        ID              SIZE     PROCESSOR          CONTEXT    UNTIL               
qwen3.8-flash-next:125b-a6b-q8_0-ab-262k    64a2f0455da7    74 GB    73%/27% CPU/GPU    262144     26 minutes from now    

2026-09-26T17:44:33+00:00
MemAvailable_GiB=60.44 SwapUsed_GiB=4.63
VM=pswpin=3536821 pswpout=5044532 pgmajfault=41603094
GPU=22678, 14, 145.90, 56
NAME                                        ID              SIZE     PROCESSOR          CONTEXT    UNTIL               
qwen3.8-flash-next:125b-a6b-q8_0-ab-262k    64a2f0455da7    74 GB    73%/27% CPU/GPU    262144     25 minutes from now    

2026-09-26T17:45:03+00:00
MemAvailable_GiB=60.24 SwapUsed_GiB=4.35
VM=pswpin=3594177 pswpout=5054023 pgmajfault=41644959
GPU=22678, 9, 115.91, 54
NAME                                        ID              SIZE     PROCESSOR          CONTEXT    UNTIL               
qwen3.8-flash-next:125b-a6b-q8_0-ab-262k    64a2f0455da7    74 GB    73%/27% CPU/GPU    262144     29 minutes from now    

2026-09-26T17:45:33+00:00
MemAvailable_GiB=60.23 SwapUsed_GiB=4.44
VM=pswpin=3603883 pswpout=5087294 pgmajfault=41663768
GPU=22678, 4, 118.35, 54
NAME                                        ID              SIZE     PROCESSOR          CONTEXT    UNTIL               
qwen3.8-flash-next:125b-a6b-q8_0-ab-262k    64a2f0455da7    74 GB    73%/27% CPU/GPU    262144     29 minutes from now    

2026-09-26T17:46:03+00:00
MemAvailable_GiB=60.23 SwapUsed_GiB=4.45
VM=pswpin=3611101 pswpout=5097963 pgmajfault=41754728
GPU=22678, 13, 154.17, 57
NAME                                        ID              SIZE     PROCESSOR          CONTEXT    UNTIL               
qwen3.8-flash-next:125b-a6b-q8_0-ab-262k    64a2f0455da7    74 GB    73%/27% CPU/GPU    262144     28 minutes from now    

2026-09-26T17:46:33+00:00
MemAvailable_GiB=60.45 SwapUsed_GiB=4.67
VM=pswpin=3612999 pswpout=5154891 pgmajfault=41828177
GPU=22678, 4, 134.22, 56
NAME                                        ID              SIZE     PROCESSOR          CONTEXT    UNTIL               
qwen3.8-flash-next:125b-a6b-q8_0-ab-262k    64a2f0455da7    74 GB    73%/27% CPU/GPU    262144     28 minutes from now    

2026-09-26T17:47:04+00:00
MemAvailable_GiB=60.34 SwapUsed_GiB=4.58
VM=pswpin=3647024 pswpout=5166488 pgmajfault=41956855
GPU=22678, 0, 113.82, 55
NAME                                        ID              SIZE     PROCESSOR          CONTEXT    UNTIL               
qwen3.8-flash-next:125b-a6b-q8_0-ab-262k    64a2f0455da7    74 GB    73%/27% CPU/GPU    262144     29 minutes from now    

2026-09-26T17:47:34+00:00
MemAvailable_GiB=60.11 SwapUsed_GiB=4.33
VM=pswpin=3656592 pswpout=5166978 pgmajfault=41990538
GPU=22678, 10, 143.04, 55
NAME                                        ID              SIZE     PROCESSOR          CONTEXT    UNTIL               
qwen3.8-flash-next:125b-a6b-q8_0-ab-262k    64a2f0455da7    74 GB    73%/27% CPU/GPU    262144     29 minutes from now    

2026-09-26T17:48:04+00:00
MemAvailable_GiB=60.38 SwapUsed_GiB=4.59
VM=pswpin=3657798 pswpout=5236314 pgmajfault=42095606
GPU=22678, 15, 140.08, 57
NAME                                        ID              SIZE     PROCESSOR          CONTEXT    UNTIL               
qwen3.8-flash-next:125b-a6b-q8_0-ab-262k    64a2f0455da7    74 GB    73%/27% CPU/GPU    262144     28 minutes from now    

2026-09-26T17:48:34+00:00
MemAvailable_GiB=60.44 SwapUsed_GiB=4.64
VM=pswpin=3666992 pswpout=5259741 pgmajfault=42185069
GPU=22678, 19, 153.71, 58
NAME                                        ID              SIZE     PROCESSOR          CONTEXT    UNTIL               
qwen3.8-flash-next:125b-a6b-q8_0-ab-262k    64a2f0455da7    74 GB    73%/27% CPU/GPU    262144     28 minutes from now    

2026-09-26T17:49:04+00:00
MemAvailable_GiB=60.33 SwapUsed_GiB=4.57
VM=pswpin=3693686 pswpout=5267958 pgmajfault=42284586
GPU=22678, 2, 116.32, 56
NAME                                        ID              SIZE     PROCESSOR          CONTEXT    UNTIL               
qwen3.8-flash-next:125b-a6b-q8_0-ab-262k    64a2f0455da7    74 GB    73%/27% CPU/GPU    262144     29 minutes from now    

2026-09-26T17:49:34+00:00
MemAvailable_GiB=60.22 SwapUsed_GiB=4.44
VM=pswpin=3703915 pswpout=5270920 pgmajfault=42313170
GPU=22678, 10, 117.38, 55
NAME                                        ID              SIZE     PROCESSOR          CONTEXT    UNTIL               
qwen3.8-flash-next:125b-a6b-q8_0-ab-262k    64a2f0455da7    74 GB    73%/27% CPU/GPU    262144     29 minutes from now    

2026-09-26T17:50:04+00:00
MemAvailable_GiB=60.23 SwapUsed_GiB=4.47
VM=pswpin=3711168 pswpout=5313103 pgmajfault=42337713
GPU=22678, 5, 125.64, 55
NAME                                        ID              SIZE     PROCESSOR          CONTEXT    UNTIL               
qwen3.8-flash-next:125b-a6b-q8_0-ab-262k    64a2f0455da7    74 GB    73%/27% CPU/GPU    262144     28 minutes from now    

2026-09-26T17:50:34+00:00
MemAvailable_GiB=60.36 SwapUsed_GiB=4.58
VM=pswpin=3714675 pswpout=5345242 pgmajfault=42427340
GPU=22678, 23, 171.51, 58
NAME                                        ID              SIZE     PROCESSOR          CONTEXT    UNTIL               
qwen3.8-flash-next:125b-a6b-q8_0-ab-262k    64a2f0455da7    74 GB    73%/27% CPU/GPU    262144     28 minutes from now    

2026-09-26T17:51:04+00:00
MemAvailable_GiB=60.34 SwapUsed_GiB=4.56
VM=pswpin=3720222 pswpout=5345674 pgmajfault=42472139
GPU=22678, 19, 157.11, 59
NAME                                        ID              SIZE     PROCESSOR          CONTEXT    UNTIL               
qwen3.8-flash-next:125b-a6b-q8_0-ab-262k    64a2f0455da7    74 GB    73%/27% CPU/GPU    262144     27 minutes from now    

2026-09-26T17:51:34+00:00
MemAvailable_GiB=60.34 SwapUsed_GiB=4.56
VM=pswpin=3752314 pswpout=5378878 pgmajfault=42573668
GPU=22678, 23, 118.47, 56
NAME                                        ID              SIZE     PROCESSOR          CONTEXT    UNTIL               
qwen3.8-flash-next:125b-a6b-q8_0-ab-262k    64a2f0455da7    74 GB    73%/27% CPU/GPU    262144     29 minutes from now    

2026-09-26T17:52:05+00:00
MemAvailable_GiB=60.40 SwapUsed_GiB=4.62
VM=pswpin=3757443 pswpout=5398995 pgmajfault=42584507
GPU=22678, 7, 120.92, 55
NAME                                        ID              SIZE     PROCESSOR          CONTEXT    UNTIL               
qwen3.8-flash-next:125b-a6b-q8_0-ab-262k    64a2f0455da7    74 GB    73%/27% CPU/GPU    262144     29 minutes from now    

2026-09-26T17:52:35+00:00
MemAvailable_GiB=60.42 SwapUsed_GiB=4.63
VM=pswpin=3758359 pswpout=5401940 pgmajfault=42591878
GPU=22678, 8, 116.48, 54
NAME                                        ID              SIZE     PROCESSOR          CONTEXT    UNTIL               
qwen3.8-flash-next:125b-a6b-q8_0-ab-262k    64a2f0455da7    74 GB    73%/27% CPU/GPU    262144     28 minutes from now    

2026-09-26T17:53:05+00:00
MemAvailable_GiB=60.46 SwapUsed_GiB=4.69
VM=pswpin=3766113 pswpout=5425102 pgmajfault=42605119
GPU=22678, 10, 115.75, 54
NAME                                        ID              SIZE     PROCESSOR          CONTEXT    UNTIL               
qwen3.8-flash-next:125b-a6b-q8_0-ab-262k    64a2f0455da7    74 GB    73%/27% CPU/GPU    262144     28 minutes from now    

2026-09-26T17:53:35+00:00
MemAvailable_GiB=60.46 SwapUsed_GiB=4.69
VM=pswpin=3769335 pswpout=5427846 pgmajfault=42610988
GPU=22678, 5, 114.68, 54
NAME                                        ID              SIZE     PROCESSOR          CONTEXT    UNTIL               
qwen3.8-flash-next:125b-a6b-q8_0-ab-262k    64a2f0455da7    74 GB    73%/27% CPU/GPU    262144     27 minutes from now    

2026-09-26T17:54:05+00:00
MemAvailable_GiB=60.49 SwapUsed_GiB=4.70
VM=pswpin=3771753 pswpout=5434326 pgmajfault=42616721
GPU=22678, 9, 115.58, 53
NAME                                        ID              SIZE     PROCESSOR          CONTEXT    UNTIL               
qwen3.8-flash-next:125b-a6b-q8_0-ab-262k    64a2f0455da7    74 GB    73%/27% CPU/GPU    262144     27 minutes from now    

2026-09-26T17:54:35+00:00
MemAvailable_GiB=60.48 SwapUsed_GiB=4.69
VM=pswpin=3777045 pswpout=5436360 pgmajfault=42628460
GPU=22678, 9, 114.38, 53
NAME                                        ID              SIZE     PROCESSOR          CONTEXT    UNTIL               
qwen3.8-flash-next:125b-a6b-q8_0-ab-262k    64a2f0455da7    74 GB    73%/27% CPU/GPU    262144     26 minutes from now    

2026-09-26T17:55:05+00:00
MemAvailable_GiB=60.50 SwapUsed_GiB=4.70
VM=pswpin=3779402 pswpout=5440993 pgmajfault=42633657
GPU=22678, 6, 120.71, 54
NAME                                        ID              SIZE     PROCESSOR          CONTEXT    UNTIL               
qwen3.8-flash-next:125b-a6b-q8_0-ab-262k    64a2f0455da7    74 GB    73%/27% CPU/GPU    262144     26 minutes from now    

2026-09-26T17:55:35+00:00
MemAvailable_GiB=60.48 SwapUsed_GiB=4.69
VM=pswpin=3783252 pswpout=5442565 pgmajfault=42640224
GPU=22678, 14, 115.88, 53
NAME                                        ID              SIZE     PROCESSOR          CONTEXT    UNTIL               
qwen3.8-flash-next:125b-a6b-q8_0-ab-262k    64a2f0455da7    74 GB    73%/27% CPU/GPU    262144     25 minutes from now    

2026-09-26T17:56:06+00:00
MemAvailable_GiB=60.45 SwapUsed_GiB=4.68
VM=pswpin=3790273 pswpout=5446192 pgmajfault=42653222
GPU=22678, 8, 114.70, 53
NAME                                        ID              SIZE     PROCESSOR          CONTEXT    UNTIL               
qwen3.8-flash-next:125b-a6b-q8_0-ab-262k    64a2f0455da7    74 GB    73%/27% CPU/GPU    262144     25 minutes from now    

2026-09-26T17:56:36+00:00
MemAvailable_GiB=60.48 SwapUsed_GiB=4.70
VM=pswpin=3790767 pswpout=5451115 pgmajfault=42657290
GPU=22678, 8, 114.42, 53
NAME                                        ID              SIZE     PROCESSOR          CONTEXT    UNTIL               
qwen3.8-flash-next:125b-a6b-q8_0-ab-262k    64a2f0455da7    74 GB    73%/27% CPU/GPU    262144     24 minutes from now    

2026-09-26T17:57:06+00:00
MemAvailable_GiB=60.50 SwapUsed_GiB=4.70
VM=pswpin=3794295 pswpout=5455281 pgmajfault=42663516
GPU=22678, 8, 115.99, 53
NAME                                        ID              SIZE     PROCESSOR          CONTEXT    UNTIL               
qwen3.8-flash-next:125b-a6b-q8_0-ab-262k    64a2f0455da7    74 GB    73%/27% CPU/GPU    262144     24 minutes from now    

2026-09-26T17:57:36+00:00
MemAvailable_GiB=60.48 SwapUsed_GiB=4.68
VM=pswpin=3801774 pswpout=5456367 pgmajfault=42676334
GPU=22678, 10, 113.86, 52
NAME                                        ID              SIZE     PROCESSOR          CONTEXT    UNTIL               
qwen3.8-flash-next:125b-a6b-q8_0-ab-262k    64a2f0455da7    74 GB    73%/27% CPU/GPU    262144     23 minutes from now    

2026-09-26T17:58:06+00:00
MemAvailable_GiB=60.48 SwapUsed_GiB=4.68
VM=pswpin=3803781 pswpout=5458859 pgmajfault=42681683
GPU=22678, 32, 120.58, 52
NAME                                        ID              SIZE     PROCESSOR          CONTEXT    UNTIL               
qwen3.8-flash-next:125b-a6b-q8_0-ab-262k    64a2f0455da7    74 GB    73%/27% CPU/GPU    262144     23 minutes from now    

2026-09-26T17:58:36+00:00
MemAvailable_GiB=60.50 SwapUsed_GiB=4.70
VM=pswpin=3804374 pswpout=5464377 pgmajfault=42686397
GPU=22678, 10, 114.15, 52
NAME                                        ID              SIZE     PROCESSOR          CONTEXT    UNTIL               
qwen3.8-flash-next:125b-a6b-q8_0-ab-262k    64a2f0455da7    74 GB    73%/27% CPU/GPU    262144     22 minutes from now    

2026-09-26T17:59:06+00:00
MemAvailable_GiB=60.49 SwapUsed_GiB=4.69
VM=pswpin=3811810 pswpout=5467234 pgmajfault=42696793
GPU=22678, 9, 115.03, 52
NAME                                        ID              SIZE     PROCESSOR          CONTEXT    UNTIL               
qwen3.8-flash-next:125b-a6b-q8_0-ab-262k    64a2f0455da7    74 GB    73%/27% CPU/GPU    262144     22 minutes from now    

2026-09-26T17:59:36+00:00
MemAvailable_GiB=60.49 SwapUsed_GiB=4.70
VM=pswpin=3814683 pswpout=5472116 pgmajfault=42703829
GPU=22678, 8, 114.68, 52
NAME                                        ID              SIZE     PROCESSOR          CONTEXT    UNTIL               
qwen3.8-flash-next:125b-a6b-q8_0-ab-262k    64a2f0455da7    74 GB    73%/27% CPU/GPU    262144     21 minutes from now    

2026-09-26T18:00:07+00:00
MemAvailable_GiB=60.47 SwapUsed_GiB=4.70
VM=pswpin=3817244 pswpout=5474499 pgmajfault=42711541
GPU=22678, 7, 114.38, 52
NAME                                        ID              SIZE     PROCESSOR          CONTEXT    UNTIL               
qwen3.8-flash-next:125b-a6b-q8_0-ab-262k    64a2f0455da7    74 GB    73%/27% CPU/GPU    262144     21 minutes from now    

2026-09-26T18:00:37+00:00
MemAvailable_GiB=60.37 SwapUsed_GiB=4.57
VM=pswpin=3823672 pswpout=5477473 pgmajfault=42723749
GPU=22678, 9, 114.16, 52
NAME                                        ID              SIZE     PROCESSOR          CONTEXT    UNTIL               
qwen3.8-flash-next:125b-a6b-q8_0-ab-262k    64a2f0455da7    74 GB    73%/27% CPU/GPU    262144     20 minutes from now    

2026-09-26T18:01:07+00:00
MemAvailable_GiB=60.39 SwapUsed_GiB=4.61
VM=pswpin=3826189 pswpout=5489866 pgmajfault=42729485
GPU=22678, 7, 114.58, 52
NAME                                        ID              SIZE     PROCESSOR          CONTEXT    UNTIL               
qwen3.8-flash-next:125b-a6b-q8_0-ab-262k    64a2f0455da7    74 GB    73%/27% CPU/GPU    262144     20 minutes from now    

2026-09-26T18:01:37+00:00
MemAvailable_GiB=60.48 SwapUsed_GiB=4.70
VM=pswpin=3830081 pswpout=5515338 pgmajfault=42736427
GPU=22678, 7, 115.03, 52
NAME                                        ID              SIZE     PROCESSOR          CONTEXT    UNTIL               
qwen3.8-flash-next:125b-a6b-q8_0-ab-262k    64a2f0455da7    74 GB    73%/27% CPU/GPU    262144     19 minutes from now    

2026-09-26T18:02:07+00:00
MemAvailable_GiB=60.32 SwapUsed_GiB=4.53
VM=pswpin=3850188 pswpout=5517628 pgmajfault=42857337
GPU=22678, 12, 144.74, 55
NAME                                        ID              SIZE     PROCESSOR          CONTEXT    UNTIL               
qwen3.8-flash-next:125b-a6b-q8_0-ab-262k    64a2f0455da7    74 GB    73%/27% CPU/GPU    262144     19 minutes from now    

2026-09-26T18:02:37+00:00
MemAvailable_GiB=60.39 SwapUsed_GiB=4.60
VM=pswpin=3852461 pswpout=5538424 pgmajfault=42934528
GPU=22678, 8, 164.81, 56
NAME                                        ID              SIZE     PROCESSOR          CONTEXT    UNTIL               
qwen3.8-flash-next:125b-a6b-q8_0-ab-262k    64a2f0455da7    74 GB    73%/27% CPU/GPU    262144     18 minutes from now    

2026-09-26T18:03:07+00:00
MemAvailable_GiB=60.40 SwapUsed_GiB=4.61
VM=pswpin=3856147 pswpout=5545101 pgmajfault=42989470
GPU=22678, 23, 172.90, 58
NAME                                        ID              SIZE     PROCESSOR          CONTEXT    UNTIL               
qwen3.8-flash-next:125b-a6b-q8_0-ab-262k    64a2f0455da7    74 GB    73%/27% CPU/GPU    262144     18 minutes from now    

2026-09-26T18:03:37+00:00
MemAvailable_GiB=60.44 SwapUsed_GiB=4.64
VM=pswpin=3861471 pswpout=5558930 pgmajfault=43030067
GPU=22678, 13, 150.37, 58
NAME                                        ID              SIZE     PROCESSOR          CONTEXT    UNTIL               
qwen3.8-flash-next:125b-a6b-q8_0-ab-262k    64a2f0455da7    74 GB    73%/27% CPU/GPU    262144     17 minutes from now    

2026-09-26T18:04:07+00:00
MemAvailable_GiB=60.44 SwapUsed_GiB=4.65
VM=pswpin=3862650 pswpout=5560562 pgmajfault=43083766
GPU=22678, 22, 176.12, 60
NAME                                        ID              SIZE     PROCESSOR          CONTEXT    UNTIL               
qwen3.8-flash-next:125b-a6b-q8_0-ab-262k    64a2f0455da7    74 GB    73%/27% CPU/GPU    262144     17 minutes from now    

2026-09-26T18:04:37+00:00
MemAvailable_GiB=60.44 SwapUsed_GiB=4.66
VM=pswpin=3863967 pswpout=5564292 pgmajfault=43123013
GPU=22678, 23, 170.43, 61
NAME                                        ID              SIZE     PROCESSOR          CONTEXT    UNTIL               
qwen3.8-flash-next:125b-a6b-q8_0-ab-262k    64a2f0455da7    74 GB    73%/27% CPU/GPU    262144     16 minutes from now    

2026-09-26T18:05:08+00:00
MemAvailable_GiB=60.44 SwapUsed_GiB=4.65
VM=pswpin=3866419 pswpout=5565929 pgmajfault=43167994
GPU=22678, 2, 141.14, 59
NAME                                        ID              SIZE     PROCESSOR          CONTEXT    UNTIL               
qwen3.8-flash-next:125b-a6b-q8_0-ab-262k    64a2f0455da7    74 GB    73%/27% CPU/GPU    262144     16 minutes from now    

2026-09-26T18:05:38+00:00
MemAvailable_GiB=60.44 SwapUsed_GiB=4.65
VM=pswpin=3871354 pswpout=5569188 pgmajfault=43221087
GPU=22678, 20, 174.53, 62
NAME                                        ID              SIZE     PROCESSOR          CONTEXT    UNTIL               
qwen3.8-flash-next:125b-a6b-q8_0-ab-262k    64a2f0455da7    74 GB    73%/27% CPU/GPU    262144     15 minutes from now    

2026-09-26T18:06:08+00:00
MemAvailable_GiB=60.45 SwapUsed_GiB=4.65
VM=pswpin=3872738 pswpout=5570694 pgmajfault=43272280
GPU=22678, 25, 177.36, 62
NAME                                        ID              SIZE     PROCESSOR          CONTEXT    UNTIL               
qwen3.8-flash-next:125b-a6b-q8_0-ab-262k    64a2f0455da7    74 GB    73%/27% CPU/GPU    262144     15 minutes from now    

2026-09-26T18:06:38+00:00
MemAvailable_GiB=60.45 SwapUsed_GiB=4.66
VM=pswpin=3874300 pswpout=5573952 pgmajfault=43311860
GPU=22678, 22, 179.29, 63
NAME                                        ID              SIZE     PROCESSOR          CONTEXT    UNTIL               
qwen3.8-flash-next:125b-a6b-q8_0-ab-262k    64a2f0455da7    74 GB    73%/27% CPU/GPU    262144     14 minutes from now    

2026-09-26T18:07:08+00:00
MemAvailable_GiB=60.48 SwapUsed_GiB=4.68
VM=pswpin=3877314 pswpout=5583740 pgmajfault=43392453
GPU=22678, 9, 153.60, 60
NAME                                        ID              SIZE     PROCESSOR          CONTEXT    UNTIL               
qwen3.8-flash-next:125b-a6b-q8_0-ab-262k    64a2f0455da7    74 GB    73%/27% CPU/GPU    262144     14 minutes from now    

2026-09-26T18:07:38+00:00
MemAvailable_GiB=60.44 SwapUsed_GiB=4.65
VM=pswpin=3889720 pswpout=5587293 pgmajfault=43498445
GPU=22678, 9, 150.46, 60
NAME                                        ID              SIZE     PROCESSOR          CONTEXT    UNTIL               
qwen3.8-flash-next:125b-a6b-q8_0-ab-262k    64a2f0455da7    74 GB    73%/27% CPU/GPU    262144     13 minutes from now    

2026-09-26T18:08:08+00:00
MemAvailable_GiB=60.45 SwapUsed_GiB=4.65
VM=pswpin=3891267 pswpout=5588947 pgmajfault=43580102
GPU=22678, 19, 174.62, 61
NAME                                        ID              SIZE     PROCESSOR          CONTEXT    UNTIL               
qwen3.8-flash-next:125b-a6b-q8_0-ab-262k    64a2f0455da7    74 GB    73%/27% CPU/GPU    262144     13 minutes from now    

2026-09-26T18:08:38+00:00
MemAvailable_GiB=60.45 SwapUsed_GiB=4.66
VM=pswpin=3892538 pswpout=5591643 pgmajfault=43660356
GPU=22678, 20, 155.47, 61
NAME                                        ID              SIZE     PROCESSOR          CONTEXT    UNTIL               
qwen3.8-flash-next:125b-a6b-q8_0-ab-262k    64a2f0455da7    74 GB    73%/27% CPU/GPU    262144     12 minutes from now    

2026-09-26T18:09:08+00:00
MemAvailable_GiB=60.18 SwapUsed_GiB=4.44
VM=pswpin=3929564 pswpout=5600125 pgmajfault=43732381
GPU=22678, 13, 117.67, 57
NAME                                        ID              SIZE     PROCESSOR          CONTEXT    UNTIL               
qwen3.8-flash-next:125b-a6b-q8_0-ab-262k    64a2f0455da7    74 GB    73%/27% CPU/GPU    262144     29 minutes from now    

2026-09-26T18:09:39+00:00
MemAvailable_GiB=60.23 SwapUsed_GiB=4.44
VM=pswpin=3930506 pswpout=5601365 pgmajfault=43742898
GPU=22678, 8, 116.68, 56
NAME                                        ID              SIZE     PROCESSOR          CONTEXT    UNTIL               
qwen3.8-flash-next:125b-a6b-q8_0-ab-262k    64a2f0455da7    74 GB    73%/27% CPU/GPU    262144     29 minutes from now    

2026-09-26T18:10:09+00:00
MemAvailable_GiB=60.24 SwapUsed_GiB=4.45
VM=pswpin=3935510 pswpout=5636651 pgmajfault=43806355
GPU=22678, 23, 146.36, 59
NAME                                        ID              SIZE     PROCESSOR          CONTEXT    UNTIL               
qwen3.8-flash-next:125b-a6b-q8_0-ab-262k    64a2f0455da7    74 GB    73%/27% CPU/GPU    262144     28 minutes from now    

2026-09-26T18:10:39+00:00
MemAvailable_GiB=60.27 SwapUsed_GiB=4.47
VM=pswpin=3938885 pswpout=5645910 pgmajfault=43886589
GPU=22678, 23, 175.21, 60
NAME                                        ID              SIZE     PROCESSOR          CONTEXT    UNTIL               
qwen3.8-flash-next:125b-a6b-q8_0-ab-262k    64a2f0455da7    74 GB    73%/27% CPU/GPU    262144     28 minutes from now    

2026-09-26T18:11:09+00:00
MemAvailable_GiB=60.40 SwapUsed_GiB=4.61
VM=pswpin=3941949 pswpout=5684352 pgmajfault=43946947
GPU=22678, 8, 170.38, 60
NAME                                        ID              SIZE     PROCESSOR          CONTEXT    UNTIL               
qwen3.8-flash-next:125b-a6b-q8_0-ab-262k    64a2f0455da7    74 GB    73%/27% CPU/GPU    262144     27 minutes from now    

2026-09-26T18:11:39+00:00
MemAvailable_GiB=60.38 SwapUsed_GiB=4.59
VM=pswpin=3946652 pswpout=5684352 pgmajfault=43978933
GPU=22678, 9, 169.26, 61
NAME                                        ID              SIZE     PROCESSOR          CONTEXT    UNTIL               
qwen3.8-flash-next:125b-a6b-q8_0-ab-262k    64a2f0455da7    74 GB    73%/27% CPU/GPU    262144     27 minutes from now    

2026-09-26T18:12:09+00:00
MemAvailable_GiB=60.44 SwapUsed_GiB=4.64
VM=pswpin=3949654 pswpout=5700575 pgmajfault=44026922
GPU=22678, 25, 175.49, 62
NAME                                        ID              SIZE     PROCESSOR          CONTEXT    UNTIL               
qwen3.8-flash-next:125b-a6b-q8_0-ab-262k    64a2f0455da7    74 GB    73%/27% CPU/GPU    262144     26 minutes from now    

2026-09-26T18:12:39+00:00
MemAvailable_GiB=60.45 SwapUsed_GiB=4.66
VM=pswpin=3950866 pswpout=5705203 pgmajfault=44101698
GPU=22678, 7, 138.24, 60
NAME                                        ID              SIZE     PROCESSOR          CONTEXT    UNTIL               
qwen3.8-flash-next:125b-a6b-q8_0-ab-262k    64a2f0455da7    74 GB    73%/27% CPU/GPU    262144     26 minutes from now    

2026-09-26T18:13:09+00:00
MemAvailable_GiB=60.48 SwapUsed_GiB=4.68
VM=pswpin=3953749 pswpout=5714991 pgmajfault=44227551
GPU=22678, 11, 152.64, 60
NAME                                        ID              SIZE     PROCESSOR          CONTEXT    UNTIL               
qwen3.8-flash-next:125b-a6b-q8_0-ab-262k    64a2f0455da7    74 GB    73%/27% CPU/GPU    262144     25 minutes from now    

2026-09-26T18:13:39+00:00
MemAvailable_GiB=60.24 SwapUsed_GiB=4.45
VM=pswpin=4019070 pswpout=5717072 pgmajfault=44273043
GPU=22678, 10, 117.99, 57
NAME                                        ID              SIZE     PROCESSOR          CONTEXT    UNTIL               
qwen3.8-flash-next:125b-a6b-q8_0-ab-262k    64a2f0455da7    74 GB    73%/27% CPU/GPU    262144     29 minutes from now    

2026-09-26T18:14:09+00:00
MemAvailable_GiB=60.39 SwapUsed_GiB=4.61
VM=pswpin=4023496 pswpout=5764819 pgmajfault=44289432
GPU=22678, 8, 115.72, 56
NAME                                        ID              SIZE     PROCESSOR          CONTEXT    UNTIL               
qwen3.8-flash-next:125b-a6b-q8_0-ab-262k    64a2f0455da7    74 GB    73%/27% CPU/GPU    262144     29 minutes from now    

2026-09-26T18:14:39+00:00
MemAvailable_GiB=60.41 SwapUsed_GiB=4.64
VM=pswpin=4024112 pswpout=5771689 pgmajfault=44299337
GPU=22678, 32, 125.66, 56
NAME                                        ID              SIZE     PROCESSOR          CONTEXT    UNTIL               
qwen3.8-flash-next:125b-a6b-q8_0-ab-262k    64a2f0455da7    74 GB    73%/27% CPU/GPU    262144     28 minutes from now    

2026-09-26T18:15:10+00:00
MemAvailable_GiB=60.34 SwapUsed_GiB=4.59
VM=pswpin=4030674 pswpout=5793012 pgmajfault=44314722
GPU=22678, 9, 115.65, 55
NAME                                        ID              SIZE     PROCESSOR          CONTEXT    UNTIL               
qwen3.8-flash-next:125b-a6b-q8_0-ab-262k    64a2f0455da7    74 GB    73%/27% CPU/GPU    262144     28 minutes from now    

2026-09-26T18:15:40+00:00
MemAvailable_GiB=60.46 SwapUsed_GiB=4.68
VM=pswpin=4034989 pswpout=5821242 pgmajfault=44324546
GPU=22678, 8, 115.76, 54
NAME                                        ID              SIZE     PROCESSOR          CONTEXT    UNTIL               
qwen3.8-flash-next:125b-a6b-q8_0-ab-262k    64a2f0455da7    74 GB    73%/27% CPU/GPU    262144     27 minutes from now    

2026-09-26T18:16:10+00:00
MemAvailable_GiB=60.33 SwapUsed_GiB=4.54
VM=pswpin=4052333 pswpout=5831205 pgmajfault=44396646
GPU=22678, 9, 143.79, 56
NAME                                        ID              SIZE     PROCESSOR          CONTEXT    UNTIL               
qwen3.8-flash-next:125b-a6b-q8_0-ab-262k    64a2f0455da7    74 GB    73%/27% CPU/GPU    262144     27 minutes from now    

2026-09-26T18:16:40+00:00
MemAvailable_GiB=60.39 SwapUsed_GiB=4.60
VM=pswpin=4055100 pswpout=5849101 pgmajfault=44478239
GPU=22678, 25, 174.60, 59
NAME                                        ID              SIZE     PROCESSOR          CONTEXT    UNTIL               
qwen3.8-flash-next:125b-a6b-q8_0-ab-262k    64a2f0455da7    74 GB    73%/27% CPU/GPU    262144     26 minutes from now    

2026-09-26T18:17:10+00:00
MemAvailable_GiB=60.37 SwapUsed_GiB=4.59
VM=pswpin=4063820 pswpout=5854594 pgmajfault=44540412
GPU=22678, 19, 166.45, 59
NAME                                        ID              SIZE     PROCESSOR          CONTEXT    UNTIL               
qwen3.8-flash-next:125b-a6b-q8_0-ab-262k    64a2f0455da7    74 GB    73%/27% CPU/GPU    262144     26 minutes from now    

2026-09-26T18:17:40+00:00
MemAvailable_GiB=60.44 SwapUsed_GiB=4.65
VM=pswpin=4068245 pswpout=5874874 pgmajfault=44618950
GPU=22678, 5, 141.84, 58
NAME                                        ID              SIZE     PROCESSOR          CONTEXT    UNTIL               
qwen3.8-flash-next:125b-a6b-q8_0-ab-262k    64a2f0455da7    74 GB    73%/27% CPU/GPU    262144     25 minutes from now    

2026-09-26T18:18:10+00:00
MemAvailable_GiB=60.46 SwapUsed_GiB=4.67
VM=pswpin=4074754 pswpout=5885297 pgmajfault=44744244
GPU=22678, 16, 146.90, 59
NAME                                        ID              SIZE     PROCESSOR          CONTEXT    UNTIL               
qwen3.8-flash-next:125b-a6b-q8_0-ab-262k    64a2f0455da7    74 GB    73%/27% CPU/GPU    262144     25 minutes from now    

2026-09-26T18:18:40+00:00
MemAvailable_GiB=60.49 SwapUsed_GiB=4.70
VM=pswpin=4075756 pswpout=5893911 pgmajfault=44880956
GPU=22678, 12, 143.35, 58
NAME                                        ID              SIZE     PROCESSOR          CONTEXT    UNTIL               
qwen3.8-flash-next:125b-a6b-q8_0-ab-262k    64a2f0455da7    74 GB    73%/27% CPU/GPU    262144     24 minutes from now    

2026-09-26T18:19:10+00:00
MemAvailable_GiB=60.46 SwapUsed_GiB=4.67
VM=pswpin=4086818 pswpout=5897441 pgmajfault=45008879
GPU=22678, 4, 151.15, 57
NAME                                        ID              SIZE     PROCESSOR          CONTEXT    UNTIL               
qwen3.8-flash-next:125b-a6b-q8_0-ab-262k    64a2f0455da7    74 GB    73%/27% CPU/GPU    262144     24 minutes from now    

2026-09-26T18:19:41+00:00
MemAvailable_GiB=60.48 SwapUsed_GiB=4.69
VM=pswpin=4093337 pswpout=5907625 pgmajfault=45123816
GPU=22678, 13, 146.86, 58
NAME                                        ID              SIZE     PROCESSOR          CONTEXT    UNTIL               
qwen3.8-flash-next:125b-a6b-q8_0-ab-262k    64a2f0455da7    74 GB    73%/27% CPU/GPU    262144     23 minutes from now    

2026-09-26T18:20:11+00:00
MemAvailable_GiB=60.46 SwapUsed_GiB=4.67
VM=pswpin=4103026 pswpout=5911686 pgmajfault=45250668
GPU=22678, 15, 141.80, 58
NAME                                        ID              SIZE     PROCESSOR          CONTEXT    UNTIL               
qwen3.8-flash-next:125b-a6b-q8_0-ab-262k    64a2f0455da7    74 GB    73%/27% CPU/GPU    262144     23 minutes from now    

2026-09-26T18:20:41+00:00
MemAvailable_GiB=60.49 SwapUsed_GiB=4.70
VM=pswpin=4104491 pswpout=5920300 pgmajfault=45375035
GPU=22678, 16, 140.74, 58
NAME                                        ID              SIZE     PROCESSOR          CONTEXT    UNTIL               
qwen3.8-flash-next:125b-a6b-q8_0-ab-262k    64a2f0455da7    74 GB    73%/27% CPU/GPU    262144     22 minutes from now    

2026-09-26T18:21:11+00:00
MemAvailable_GiB=60.46 SwapUsed_GiB=4.66
VM=pswpin=4115074 pswpout=5921613 pgmajfault=45494189
GPU=22678, 8, 131.62, 57
NAME                                        ID              SIZE     PROCESSOR          CONTEXT    UNTIL               
qwen3.8-flash-next:125b-a6b-q8_0-ab-262k    64a2f0455da7    74 GB    73%/27% CPU/GPU    262144     22 minutes from now    

2026-09-26T18:21:41+00:00
MemAvailable_GiB=60.22 SwapUsed_GiB=4.46
VM=pswpin=4172243 pswpout=5924744 pgmajfault=45605132
GPU=22678, 11, 117.87, 56
NAME                                        ID              SIZE     PROCESSOR          CONTEXT    UNTIL               
qwen3.8-flash-next:125b-a6b-q8_0-ab-262k    64a2f0455da7    74 GB    73%/27% CPU/GPU    262144     29 minutes from now    

2026-09-26T18:22:11+00:00
MemAvailable_GiB=60.37 SwapUsed_GiB=4.60
VM=pswpin=4177178 pswpout=5966015 pgmajfault=45616580
GPU=22678, 8, 115.43, 55
NAME                                        ID              SIZE     PROCESSOR          CONTEXT    UNTIL               
qwen3.8-flash-next:125b-a6b-q8_0-ab-262k    64a2f0455da7    74 GB    73%/27% CPU/GPU    262144     29 minutes from now    

2026-09-26T18:22:41+00:00
MemAvailable_GiB=60.42 SwapUsed_GiB=4.63
VM=pswpin=4181844 pswpout=5979346 pgmajfault=45633719
GPU=22678, 35, 121.74, 56
NAME                                        ID              SIZE     PROCESSOR          CONTEXT    UNTIL               
qwen3.8-flash-next:125b-a6b-q8_0-ab-262k    64a2f0455da7    74 GB    73%/27% CPU/GPU    262144     28 minutes from now    

2026-09-26T18:23:11+00:00
MemAvailable_GiB=60.47 SwapUsed_GiB=4.70
VM=pswpin=4184661 pswpout=6000269 pgmajfault=45642582
GPU=22678, 8, 121.70, 54
NAME                                        ID              SIZE     PROCESSOR          CONTEXT    UNTIL               
qwen3.8-flash-next:125b-a6b-q8_0-ab-262k    64a2f0455da7    74 GB    73%/27% CPU/GPU    262144     28 minutes from now    

2026-09-26T18:23:41+00:00
MemAvailable_GiB=60.46 SwapUsed_GiB=4.68
VM=pswpin=4191854 pswpout=6001591 pgmajfault=45655556
GPU=22678, 7, 115.04, 54
NAME                                        ID              SIZE     PROCESSOR          CONTEXT    UNTIL               
qwen3.8-flash-next:125b-a6b-q8_0-ab-262k    64a2f0455da7    74 GB    73%/27% CPU/GPU    262144     27 minutes from now    

2026-09-26T18:24:12+00:00
MemAvailable_GiB=60.47 SwapUsed_GiB=4.68
VM=pswpin=4192234 pswpout=6003186 pgmajfault=45663641
GPU=22678, 10, 115.45, 53
NAME                                        ID              SIZE     PROCESSOR          CONTEXT    UNTIL               
qwen3.8-flash-next:125b-a6b-q8_0-ab-262k    64a2f0455da7    74 GB    73%/27% CPU/GPU    262144     27 minutes from now    

2026-09-26T18:24:42+00:00
MemAvailable_GiB=60.36 SwapUsed_GiB=4.58
VM=pswpin=4196618 pswpout=6009818 pgmajfault=45679235
GPU=22678, 19, 117.18, 53
NAME                                        ID              SIZE     PROCESSOR          CONTEXT    UNTIL               
qwen3.8-flash-next:125b-a6b-q8_0-ab-262k    64a2f0455da7    74 GB    73%/27% CPU/GPU    262144     26 minutes from now    

2026-09-26T18:25:12+00:00
MemAvailable_GiB=60.36 SwapUsed_GiB=4.58
VM=pswpin=4199100 pswpout=6011523 pgmajfault=45688240
GPU=22678, 11, 116.28, 53
NAME                                        ID              SIZE     PROCESSOR          CONTEXT    UNTIL               
qwen3.8-flash-next:125b-a6b-q8_0-ab-262k    64a2f0455da7    74 GB    73%/27% CPU/GPU    262144     26 minutes from now    

2026-09-26T18:25:42+00:00
MemAvailable_GiB=60.44 SwapUsed_GiB=4.65
VM=pswpin=4202141 pswpout=6033267 pgmajfault=45696331
GPU=22678, 8, 114.99, 53
NAME                                        ID              SIZE     PROCESSOR          CONTEXT    UNTIL               
qwen3.8-flash-next:125b-a6b-q8_0-ab-262k    64a2f0455da7    74 GB    73%/27% CPU/GPU    262144     25 minutes from now    

2026-09-26T18:26:12+00:00
MemAvailable_GiB=60.33 SwapUsed_GiB=4.54
VM=pswpin=4221548 pswpout=6050202 pgmajfault=45786915
GPU=22678, 4, 132.02, 54
NAME                                        ID              SIZE     PROCESSOR          CONTEXT    UNTIL               
qwen3.8-flash-next:125b-a6b-q8_0-ab-262k    64a2f0455da7    74 GB    73%/27% CPU/GPU    262144     25 minutes from now    

2026-09-26T18:26:42+00:00
MemAvailable_GiB=60.39 SwapUsed_GiB=4.60
VM=pswpin=4224327 pswpout=6069312 pgmajfault=45880876
GPU=22678, 22, 169.18, 58
NAME                                        ID              SIZE     PROCESSOR          CONTEXT    UNTIL               
qwen3.8-flash-next:125b-a6b-q8_0-ab-262k    64a2f0455da7    74 GB    73%/27% CPU/GPU    262144     24 minutes from now    

2026-09-26T18:27:12+00:00
MemAvailable_GiB=60.49 SwapUsed_GiB=4.70
VM=pswpin=4227310 pswpout=6096856 pgmajfault=46009866
GPU=22678, 13, 152.88, 57
NAME                                        ID              SIZE     PROCESSOR          CONTEXT    UNTIL               
qwen3.8-flash-next:125b-a6b-q8_0-ab-262k    64a2f0455da7    74 GB    73%/27% CPU/GPU    262144     24 minutes from now    

2026-09-26T18:27:42+00:00
MemAvailable_GiB=60.23 SwapUsed_GiB=4.45
VM=pswpin=4265518 pswpout=6097743 pgmajfault=46057603
GPU=22678, 11, 116.51, 54
NAME                                        ID              SIZE     PROCESSOR          CONTEXT    UNTIL               
qwen3.8-flash-next:125b-a6b-q8_0-ab-262k    64a2f0455da7    74 GB    73%/27% CPU/GPU    262144     29 minutes from now    

2026-09-26T18:28:12+00:00
MemAvailable_GiB=60.23 SwapUsed_GiB=4.45
VM=pswpin=4269538 pswpout=6129242 pgmajfault=46165904
GPU=22678, 10, 141.95, 56
NAME                                        ID              SIZE     PROCESSOR          CONTEXT    UNTIL               
qwen3.8-flash-next:125b-a6b-q8_0-ab-262k    64a2f0455da7    74 GB    73%/27% CPU/GPU    262144     29 minutes from now    

2026-09-26T18:28:43+00:00
MemAvailable_GiB=60.18 SwapUsed_GiB=4.43
VM=pswpin=4296708 pswpout=6152068 pgmajfault=46221294
GPU=22678, 12, 115.81, 54
NAME                                        ID              SIZE     PROCESSOR          CONTEXT    UNTIL               
qwen3.8-flash-next:125b-a6b-q8_0-ab-262k    64a2f0455da7    74 GB    73%/27% CPU/GPU    262144     29 minutes from now    

2026-09-26T18:29:13+00:00
MemAvailable_GiB=60.32 SwapUsed_GiB=4.56
VM=pswpin=4298837 pswpout=6187333 pgmajfault=46230444
GPU=22678, 9, 115.00, 54
NAME                                        ID              SIZE     PROCESSOR          CONTEXT    UNTIL               
qwen3.8-flash-next:125b-a6b-q8_0-ab-262k    64a2f0455da7    74 GB    73%/27% CPU/GPU    262144     29 minutes from now    

2026-09-26T18:29:43+00:00
MemAvailable_GiB=60.42 SwapUsed_GiB=4.64
VM=pswpin=4305355 pswpout=6215871 pgmajfault=46243554
GPU=22678, 9, 115.44, 53
NAME                                        ID              SIZE     PROCESSOR          CONTEXT    UNTIL               
qwen3.8-flash-next:125b-a6b-q8_0-ab-262k    64a2f0455da7    74 GB    73%/27% CPU/GPU    262144     28 minutes from now    

2026-09-26T18:30:13+00:00
MemAvailable_GiB=60.44 SwapUsed_GiB=4.66
VM=pswpin=4306402 pswpout=6220521 pgmajfault=46249964
GPU=22678, 9, 115.81, 53
NAME                                        ID              SIZE     PROCESSOR          CONTEXT    UNTIL               
qwen3.8-flash-next:125b-a6b-q8_0-ab-262k    64a2f0455da7    74 GB    73%/27% CPU/GPU    262144     28 minutes from now    

2026-09-26T18:30:43+00:00
MemAvailable_GiB=60.49 SwapUsed_GiB=4.71
VM=pswpin=4309095 pswpout=6235568 pgmajfault=46258127
GPU=22678, 9, 114.48, 53
NAME                                        ID              SIZE     PROCESSOR          CONTEXT    UNTIL               
qwen3.8-flash-next:125b-a6b-q8_0-ab-262k    64a2f0455da7    74 GB    73%/27% CPU/GPU    262144     27 minutes from now    

2026-09-26T18:31:13+00:00
MemAvailable_GiB=60.33 SwapUsed_GiB=4.57
VM=pswpin=4316242 pswpout=6237963 pgmajfault=46271936
GPU=22678, 9, 114.86, 53
NAME                                        ID              SIZE     PROCESSOR          CONTEXT    UNTIL               
qwen3.8-flash-next:125b-a6b-q8_0-ab-262k    64a2f0455da7    74 GB    73%/27% CPU/GPU    262144     27 minutes from now    

2026-09-26T18:31:43+00:00
MemAvailable_GiB=60.39 SwapUsed_GiB=4.60
VM=pswpin=4318265 pswpout=6247677 pgmajfault=46276955
GPU=22678, 8, 113.71, 53
NAME                                        ID              SIZE     PROCESSOR          CONTEXT    UNTIL               
qwen3.8-flash-next:125b-a6b-q8_0-ab-262k    64a2f0455da7    74 GB    73%/27% CPU/GPU    262144     26 minutes from now    

2026-09-26T18:32:13+00:00
MemAvailable_GiB=60.51 SwapUsed_GiB=4.71
VM=pswpin=4319020 pswpout=6276330 pgmajfault=46281843
GPU=22678, 7, 113.98, 52
NAME                                        ID              SIZE     PROCESSOR          CONTEXT    UNTIL               
qwen3.8-flash-next:125b-a6b-q8_0-ab-262k    64a2f0455da7    74 GB    73%/27% CPU/GPU    262144     26 minutes from now    

2026-09-26T18:32:43+00:00
MemAvailable_GiB=60.33 SwapUsed_GiB=4.54
VM=pswpin=4338359 pswpout=6277561 pgmajfault=46353839
GPU=22678, 6, 131.52, 54
NAME                                        ID              SIZE     PROCESSOR          CONTEXT    UNTIL               
qwen3.8-flash-next:125b-a6b-q8_0-ab-262k    64a2f0455da7    74 GB    73%/27% CPU/GPU    262144     25 minutes from now    

2026-09-26T18:33:13+00:00
MemAvailable_GiB=60.33 SwapUsed_GiB=4.54
VM=pswpin=4345237 pswpout=6284654 pgmajfault=46435678
GPU=22678, 19, 138.26, 56
NAME                                        ID              SIZE     PROCESSOR          CONTEXT    UNTIL               
qwen3.8-flash-next:125b-a6b-q8_0-ab-262k    64a2f0455da7    74 GB    73%/27% CPU/GPU    262144     25 minutes from now    

2026-09-26T18:33:44+00:00
MemAvailable_GiB=60.35 SwapUsed_GiB=4.56
VM=pswpin=4349228 pswpout=6293559 pgmajfault=46510825
GPU=22678, 13, 134.00, 56
NAME                                        ID              SIZE     PROCESSOR          CONTEXT    UNTIL               
qwen3.8-flash-next:125b-a6b-q8_0-ab-262k    64a2f0455da7    74 GB    73%/27% CPU/GPU    262144     24 minutes from now    

2026-09-26T18:34:14+00:00
MemAvailable_GiB=60.34 SwapUsed_GiB=4.59
VM=pswpin=4375960 pswpout=6327271 pgmajfault=46619247
GPU=22678, 15, 115.77, 55
NAME                                        ID              SIZE     PROCESSOR          CONTEXT    UNTIL               
qwen3.8-flash-next:125b-a6b-q8_0-ab-262k    64a2f0455da7    74 GB    73%/27% CPU/GPU    262144     29 minutes from now    

2026-09-26T18:34:44+00:00
MemAvailable_GiB=60.34 SwapUsed_GiB=4.57
VM=pswpin=4383192 pswpout=6329054 pgmajfault=46630820
GPU=22678, 9, 115.67, 54
NAME                                        ID              SIZE     PROCESSOR          CONTEXT    UNTIL               
qwen3.8-flash-next:125b-a6b-q8_0-ab-262k    64a2f0455da7    74 GB    73%/27% CPU/GPU    262144     29 minutes from now    

2026-09-26T18:35:14+00:00
MemAvailable_GiB=60.42 SwapUsed_GiB=4.67
VM=pswpin=4385585 pswpout=6356780 pgmajfault=46639568
GPU=22678, 8, 114.33, 53
NAME                                        ID              SIZE     PROCESSOR          CONTEXT    UNTIL               
qwen3.8-flash-next:125b-a6b-q8_0-ab-262k    64a2f0455da7    74 GB    73%/27% CPU/GPU    262144     28 minutes from now    

2026-09-26T18:35:44+00:00
MemAvailable_GiB=60.38 SwapUsed_GiB=4.62
VM=pswpin=4394207 pswpout=6381022 pgmajfault=46653271
GPU=22678, 9, 115.39, 53
NAME                                        ID              SIZE     PROCESSOR          CONTEXT    UNTIL               
qwen3.8-flash-next:125b-a6b-q8_0-ab-262k    64a2f0455da7    74 GB    73%/27% CPU/GPU    262144     28 minutes from now    

2026-09-26T18:36:14+00:00
MemAvailable_GiB=60.48 SwapUsed_GiB=4.71
VM=pswpin=4396698 pswpout=6407496 pgmajfault=46658844
GPU=22678, 8, 115.23, 53
NAME                                        ID              SIZE     PROCESSOR          CONTEXT    UNTIL               
qwen3.8-flash-next:125b-a6b-q8_0-ab-262k    64a2f0455da7    74 GB    73%/27% CPU/GPU    262144     27 minutes from now    

2026-09-26T18:36:44+00:00
MemAvailable_GiB=60.50 SwapUsed_GiB=4.72
VM=pswpin=4397471 pswpout=6411953 pgmajfault=46663903
GPU=22678, 8, 115.59, 53
NAME                                        ID              SIZE     PROCESSOR          CONTEXT    UNTIL               
qwen3.8-flash-next:125b-a6b-q8_0-ab-262k    64a2f0455da7    74 GB    73%/27% CPU/GPU    262144     27 minutes from now    

2026-09-26T18:37:14+00:00
MemAvailable_GiB=60.32 SwapUsed_GiB=4.53
VM=pswpin=4420669 pswpout=6412262 pgmajfault=46773527
GPU=22678, 4, 136.38, 54
NAME                                        ID              SIZE     PROCESSOR          CONTEXT    UNTIL               
qwen3.8-flash-next:125b-a6b-q8_0-ab-262k    64a2f0455da7    74 GB    73%/27% CPU/GPU    262144     26 minutes from now    

2026-09-26T18:37:45+00:00
MemAvailable_GiB=60.39 SwapUsed_GiB=4.61
VM=pswpin=4425322 pswpout=6437338 pgmajfault=46856164
GPU=22678, 22, 162.90, 57
NAME                                        ID              SIZE     PROCESSOR          CONTEXT    UNTIL               
qwen3.8-flash-next:125b-a6b-q8_0-ab-262k    64a2f0455da7    74 GB    73%/27% CPU/GPU    262144     26 minutes from now    

2026-09-26T18:38:15+00:00
MemAvailable_GiB=60.45 SwapUsed_GiB=4.67
VM=pswpin=4428602 pswpout=6454242 pgmajfault=46941311
GPU=22678, 7, 136.99, 56
NAME                                        ID              SIZE     PROCESSOR          CONTEXT    UNTIL               
qwen3.8-flash-next:125b-a6b-q8_0-ab-262k    64a2f0455da7    74 GB    73%/27% CPU/GPU    262144     25 minutes from now    

2026-09-26T18:38:45+00:00
MemAvailable_GiB=60.10 SwapUsed_GiB=4.34
VM=pswpin=4463537 pswpout=6461532 pgmajfault=47011293
GPU=22678, 12, 154.19, 57
NAME                                        ID              SIZE     PROCESSOR          CONTEXT    UNTIL               
qwen3.8-flash-next:125b-a6b-q8_0-ab-262k    64a2f0455da7    74 GB    73%/27% CPU/GPU    262144     29 minutes from now    

2026-09-26T18:39:15+00:00
MemAvailable_GiB=60.31 SwapUsed_GiB=4.54
VM=pswpin=4467888 pswpout=6516362 pgmajfault=47079783
GPU=22678, 20, 172.72, 59
NAME                                        ID              SIZE     PROCESSOR          CONTEXT    UNTIL               
qwen3.8-flash-next:125b-a6b-q8_0-ab-262k    64a2f0455da7    74 GB    73%/27% CPU/GPU    262144     29 minutes from now    

2026-09-26T18:39:45+00:00
MemAvailable_GiB=60.29 SwapUsed_GiB=4.52
VM=pswpin=4473372 pswpout=6516493 pgmajfault=47129180
GPU=22678, 27, 181.18, 60
NAME                                        ID              SIZE     PROCESSOR          CONTEXT    UNTIL               
qwen3.8-flash-next:125b-a6b-q8_0-ab-262k    64a2f0455da7    74 GB    73%/27% CPU/GPU    262144     28 minutes from now    

2026-09-26T18:40:15+00:00
MemAvailable_GiB=60.47 SwapUsed_GiB=4.70
VM=pswpin=4475162 pswpout=6564143 pgmajfault=47240341
GPU=22678, 4, 132.42, 57
NAME                                        ID              SIZE     PROCESSOR          CONTEXT    UNTIL               
qwen3.8-flash-next:125b-a6b-q8_0-ab-262k    64a2f0455da7    74 GB    73%/27% CPU/GPU    262144     28 minutes from now    

2026-09-26T18:40:45+00:00
MemAvailable_GiB=60.47 SwapUsed_GiB=4.70
VM=pswpin=4479228 pswpout=6569324 pgmajfault=47354349
GPU=22678, 11, 135.52, 58
NAME                                        ID              SIZE     PROCESSOR          CONTEXT    UNTIL               
qwen3.8-flash-next:125b-a6b-q8_0-ab-262k    64a2f0455da7    74 GB    73%/27% CPU/GPU    262144     27 minutes from now    

2026-09-26T18:41:15+00:00
MemAvailable_GiB=60.21 SwapUsed_GiB=4.47
VM=pswpin=4543669 pswpout=6573136 pgmajfault=47470183
GPU=22678, 14, 117.30, 56
NAME                                        ID              SIZE     PROCESSOR          CONTEXT    UNTIL               
qwen3.8-flash-next:125b-a6b-q8_0-ab-262k    64a2f0455da7    74 GB    73%/27% CPU/GPU    262144     29 minutes from now    

2026-09-26T18:41:45+00:00
MemAvailable_GiB=60.09 SwapUsed_GiB=4.34
VM=pswpin=4551079 pswpout=6574238 pgmajfault=47490170
GPU=22678, 18, 144.20, 56
NAME                                        ID              SIZE     PROCESSOR          CONTEXT    UNTIL               
qwen3.8-flash-next:125b-a6b-q8_0-ab-262k    64a2f0455da7    74 GB    73%/27% CPU/GPU    262144     29 minutes from now    

2026-09-26T18:42:15+00:00
MemAvailable_GiB=60.31 SwapUsed_GiB=4.52
VM=pswpin=4552355 pswpout=6623475 pgmajfault=47498596
GPU=22678, 9, 122.23, 54
NAME                                        ID              SIZE     PROCESSOR          CONTEXT    UNTIL               
qwen3.8-flash-next:125b-a6b-q8_0-ab-262k    64a2f0455da7    74 GB    73%/27% CPU/GPU    262144     28 minutes from now    

2026-09-26T18:42:46+00:00
MemAvailable_GiB=60.41 SwapUsed_GiB=4.63
VM=pswpin=4552994 pswpout=6653182 pgmajfault=47504993
GPU=22678, 11, 115.80, 54
NAME                                        ID              SIZE     PROCESSOR          CONTEXT    UNTIL               
qwen3.8-flash-next:125b-a6b-q8_0-ab-262k    64a2f0455da7    74 GB    73%/27% CPU/GPU    262144     28 minutes from now    

2026-09-26T18:43:16+00:00
MemAvailable_GiB=60.32 SwapUsed_GiB=4.53
VM=pswpin=4574722 pswpout=6676883 pgmajfault=47587506
GPU=22678, 7, 136.74, 55
NAME                                        ID              SIZE     PROCESSOR          CONTEXT    UNTIL               
qwen3.8-flash-next:125b-a6b-q8_0-ab-262k    64a2f0455da7    74 GB    73%/27% CPU/GPU    262144     27 minutes from now    

2026-09-26T18:43:46+00:00
MemAvailable_GiB=60.49 SwapUsed_GiB=4.70
VM=pswpin=4577629 pswpout=6723628 pgmajfault=47712276
GPU=22678, 16, 140.78, 56
NAME                                        ID              SIZE     PROCESSOR          CONTEXT    UNTIL               
qwen3.8-flash-next:125b-a6b-q8_0-ab-262k    64a2f0455da7    74 GB    73%/27% CPU/GPU    262144     27 minutes from now    

2026-09-26T18:44:16+00:00
MemAvailable_GiB=60.13 SwapUsed_GiB=4.34
VM=pswpin=4615692 pswpout=6724571 pgmajfault=47772996
GPU=22678, 2, 120.15, 54
NAME                                        ID              SIZE     PROCESSOR          CONTEXT    UNTIL               
qwen3.8-flash-next:125b-a6b-q8_0-ab-262k    64a2f0455da7    74 GB    73%/27% CPU/GPU    262144     29 minutes from now    

2026-09-26T18:44:46+00:00
MemAvailable_GiB=60.30 SwapUsed_GiB=4.52
VM=pswpin=4619390 pswpout=6774116 pgmajfault=47883356
GPU=22678, 13, 153.51, 57
NAME                                        ID              SIZE     PROCESSOR          CONTEXT    UNTIL               
qwen3.8-flash-next:125b-a6b-q8_0-ab-262k    64a2f0455da7    74 GB    73%/27% CPU/GPU    262144     29 minutes from now    

2026-09-26T18:45:16+00:00
MemAvailable_GiB=60.37 SwapUsed_GiB=4.59
VM=pswpin=4623429 pswpout=6796217 pgmajfault=47950768
GPU=22678, 18, 164.99, 59
NAME                                        ID              SIZE     PROCESSOR          CONTEXT    UNTIL               
qwen3.8-flash-next:125b-a6b-q8_0-ab-262k    64a2f0455da7    74 GB    73%/27% CPU/GPU    262144     28 minutes from now    

2026-09-26T18:45:46+00:00
MemAvailable_GiB=60.49 SwapUsed_GiB=4.71
VM=pswpin=4626611 pswpout=6830713 pgmajfault=48072230
GPU=22678, 7, 137.78, 57
NAME                                        ID              SIZE     PROCESSOR          CONTEXT    UNTIL               
qwen3.8-flash-next:125b-a6b-q8_0-ab-262k    64a2f0455da7    74 GB    73%/27% CPU/GPU    262144     28 minutes from now    

2026-09-26T18:46:16+00:00
MemAvailable_GiB=60.49 SwapUsed_GiB=4.70
VM=pswpin=4628555 pswpout=6832095 pgmajfault=48187598
GPU=22678, 6, 136.52, 57
NAME                                        ID              SIZE     PROCESSOR          CONTEXT    UNTIL               
qwen3.8-flash-next:125b-a6b-q8_0-ab-262k    64a2f0455da7    74 GB    73%/27% CPU/GPU    262144     27 minutes from now    

2026-09-26T18:46:46+00:00
MemAvailable_GiB=60.45 SwapUsed_GiB=4.66
VM=pswpin=4639299 pswpout=6832484 pgmajfault=48278629
GPU=22678, 20, 161.10, 59
NAME                                        ID              SIZE     PROCESSOR          CONTEXT    UNTIL               
qwen3.8-flash-next:125b-a6b-q8_0-ab-262k    64a2f0455da7    74 GB    73%/27% CPU/GPU    262144     27 minutes from now    

2026-09-26T18:47:16+00:00
MemAvailable_GiB=60.20 SwapUsed_GiB=4.46
VM=pswpin=4672775 pswpout=6838649 pgmajfault=48346425
GPU=22678, 13, 117.03, 56
NAME                                        ID              SIZE     PROCESSOR          CONTEXT    UNTIL               
qwen3.8-flash-next:125b-a6b-q8_0-ab-262k    64a2f0455da7    74 GB    73%/27% CPU/GPU    262144     29 minutes from now    

2026-09-26T18:47:47+00:00
MemAvailable_GiB=60.29 SwapUsed_GiB=4.50
VM=pswpin=4681112 pswpout=6887340 pgmajfault=48379736
GPU=22678, 12, 128.99, 56
NAME                                        ID              SIZE     PROCESSOR          CONTEXT    UNTIL               
qwen3.8-flash-next:125b-a6b-q8_0-ab-262k    64a2f0455da7    74 GB    73%/27% CPU/GPU    262144     29 minutes from now    

2026-09-26T18:48:17+00:00
MemAvailable_GiB=60.38 SwapUsed_GiB=4.60
VM=pswpin=4685262 pswpout=6915891 pgmajfault=48499983
GPU=22678, 10, 139.46, 57
NAME                                        ID              SIZE     PROCESSOR          CONTEXT    UNTIL               
qwen3.8-flash-next:125b-a6b-q8_0-ab-262k    64a2f0455da7    74 GB    73%/27% CPU/GPU    262144     28 minutes from now    

2026-09-26T18:48:47+00:00
MemAvailable_GiB=60.40 SwapUsed_GiB=4.64
VM=pswpin=4702517 pswpout=6946000 pgmajfault=48610124
GPU=22678, 0, 115.85, 56
NAME                                        ID              SIZE     PROCESSOR          CONTEXT    UNTIL               
qwen3.8-flash-next:125b-a6b-q8_0-ab-262k    64a2f0455da7    74 GB    73%/27% CPU/GPU    262144     29 minutes from now    

2026-09-26T18:49:17+00:00
MemAvailable_GiB=60.24 SwapUsed_GiB=4.46
VM=pswpin=4724618 pswpout=6946622 pgmajfault=48631659
GPU=22678, 10, 114.41, 55
NAME                                        ID              SIZE     PROCESSOR          CONTEXT    UNTIL               
qwen3.8-flash-next:125b-a6b-q8_0-ab-262k    64a2f0455da7    74 GB    73%/27% CPU/GPU    262144     29 minutes from now    

2026-09-26T18:49:47+00:00
MemAvailable_GiB=60.30 SwapUsed_GiB=4.52
VM=pswpin=4732780 pswpout=7000362 pgmajfault=48681692
GPU=22678, 13, 136.51, 56
NAME                                        ID              SIZE     PROCESSOR          CONTEXT    UNTIL               
qwen3.8-flash-next:125b-a6b-q8_0-ab-262k    64a2f0455da7    74 GB    73%/27% CPU/GPU    262144     28 minutes from now    

2026-09-26T18:50:17+00:00
MemAvailable_GiB=60.28 SwapUsed_GiB=4.50
VM=pswpin=4738303 pswpout=7000839 pgmajfault=48758101
GPU=22678, 20, 176.96, 59
NAME                                        ID              SIZE     PROCESSOR          CONTEXT    UNTIL               
qwen3.8-flash-next:125b-a6b-q8_0-ab-262k    64a2f0455da7    74 GB    73%/27% CPU/GPU    262144     28 minutes from now    

2026-09-26T18:50:47+00:00
MemAvailable_GiB=60.15 SwapUsed_GiB=4.42
VM=pswpin=4770970 pswpout=7040075 pgmajfault=48841840
GPU=22678, 13, 116.81, 55
NAME                                        ID              SIZE     PROCESSOR          CONTEXT    UNTIL               
qwen3.8-flash-next:125b-a6b-q8_0-ab-262k    64a2f0455da7    74 GB    73%/27% CPU/GPU    262144     29 minutes from now    

2026-09-26T18:51:17+00:00
MemAvailable_GiB=60.23 SwapUsed_GiB=4.45
VM=pswpin=4777343 pswpout=7081655 pgmajfault=48885341
GPU=22678, 10, 137.79, 56
NAME                                        ID              SIZE     PROCESSOR          CONTEXT    UNTIL               
qwen3.8-flash-next:125b-a6b-q8_0-ab-262k    64a2f0455da7    74 GB    73%/27% CPU/GPU    262144     29 minutes from now    

2026-09-26T18:51:47+00:00
MemAvailable_GiB=60.37 SwapUsed_GiB=4.58
VM=pswpin=4779752 pswpout=7119863 pgmajfault=48976250
GPU=22678, 24, 158.51, 58
NAME                                        ID              SIZE     PROCESSOR          CONTEXT    UNTIL               
qwen3.8-flash-next:125b-a6b-q8_0-ab-262k    64a2f0455da7    74 GB    73%/27% CPU/GPU    262144     28 minutes from now    

2026-09-26T18:52:17+00:00
MemAvailable_GiB=60.38 SwapUsed_GiB=4.60
VM=pswpin=4792148 pswpout=7136029 pgmajfault=49044536
GPU=22678, 18, 162.40, 59
NAME                                        ID              SIZE     PROCESSOR          CONTEXT    UNTIL               
qwen3.8-flash-next:125b-a6b-q8_0-ab-262k    64a2f0455da7    74 GB    73%/27% CPU/GPU    262144     28 minutes from now    

2026-09-26T18:52:47+00:00
MemAvailable_GiB=60.43 SwapUsed_GiB=4.66
VM=pswpin=4795316 pswpout=7154237 pgmajfault=49107208
GPU=22678, 18, 161.26, 60
NAME                                        ID              SIZE     PROCESSOR          CONTEXT    UNTIL               
qwen3.8-flash-next:125b-a6b-q8_0-ab-262k    64a2f0455da7    74 GB    73%/27% CPU/GPU    262144     27 minutes from now    

2026-09-26T18:53:17+00:00
MemAvailable_GiB=60.45 SwapUsed_GiB=4.66
VM=pswpin=4798686 pswpout=7157733 pgmajfault=49169724
GPU=22678, 18, 164.17, 60
NAME                                        ID              SIZE     PROCESSOR          CONTEXT    UNTIL               
qwen3.8-flash-next:125b-a6b-q8_0-ab-262k    64a2f0455da7    74 GB    73%/27% CPU/GPU    262144     27 minutes from now    

2026-09-26T18:53:48+00:00
MemAvailable_GiB=60.45 SwapUsed_GiB=4.67
VM=pswpin=4800573 pswpout=7162622 pgmajfault=49223814
GPU=22678, 8, 164.36, 60
NAME                                        ID              SIZE     PROCESSOR          CONTEXT    UNTIL               
qwen3.8-flash-next:125b-a6b-q8_0-ab-262k    64a2f0455da7    74 GB    73%/27% CPU/GPU    262144     26 minutes from now    

2026-09-26T18:54:18+00:00
MemAvailable_GiB=60.45 SwapUsed_GiB=4.67
VM=pswpin=4804913 pswpout=7166022 pgmajfault=49296735
GPU=22678, 11, 168.50, 61
NAME                                        ID              SIZE     PROCESSOR          CONTEXT    UNTIL               
qwen3.8-flash-next:125b-a6b-q8_0-ab-262k    64a2f0455da7    74 GB    73%/27% CPU/GPU    262144     26 minutes from now    

2026-09-26T18:54:48+00:00
MemAvailable_GiB=60.45 SwapUsed_GiB=4.66
VM=pswpin=4808673 pswpout=7168266 pgmajfault=49362325
GPU=22678, 16, 161.10, 61
NAME                                        ID              SIZE     PROCESSOR          CONTEXT    UNTIL               
qwen3.8-flash-next:125b-a6b-q8_0-ab-262k    64a2f0455da7    74 GB    73%/27% CPU/GPU    262144     25 minutes from now    

2026-09-26T18:55:18+00:00
MemAvailable_GiB=60.45 SwapUsed_GiB=4.67
VM=pswpin=4817641 pswpout=7177682 pgmajfault=49431162
GPU=22678, 25, 164.69, 62
NAME                                        ID              SIZE     PROCESSOR          CONTEXT    UNTIL               
qwen3.8-flash-next:125b-a6b-q8_0-ab-262k    64a2f0455da7    74 GB    73%/27% CPU/GPU    262144     25 minutes from now    

2026-09-26T18:55:48+00:00
MemAvailable_GiB=60.46 SwapUsed_GiB=4.67
VM=pswpin=4819783 pswpout=7181463 pgmajfault=49527384
GPU=22678, 20, 163.92, 62
NAME                                        ID              SIZE     PROCESSOR          CONTEXT    UNTIL               
qwen3.8-flash-next:125b-a6b-q8_0-ab-262k    64a2f0455da7    74 GB    73%/27% CPU/GPU    262144     24 minutes from now    

2026-09-26T18:56:18+00:00
MemAvailable_GiB=60.46 SwapUsed_GiB=4.67
VM=pswpin=4828541 pswpout=7188750 pgmajfault=49612507
GPU=22678, 21, 168.71, 62
NAME                                        ID              SIZE     PROCESSOR          CONTEXT    UNTIL               
qwen3.8-flash-next:125b-a6b-q8_0-ab-262k    64a2f0455da7    74 GB    73%/27% CPU/GPU    262144     24 minutes from now    

2026-09-26T18:56:48+00:00
MemAvailable_GiB=60.45 SwapUsed_GiB=4.67
VM=pswpin=4838028 pswpout=7196843 pgmajfault=49692053
GPU=22678, 18, 167.74, 62
NAME                                        ID              SIZE     PROCESSOR          CONTEXT    UNTIL               
qwen3.8-flash-next:125b-a6b-q8_0-ab-262k    64a2f0455da7    74 GB    73%/27% CPU/GPU    262144     23 minutes from now    

2026-09-26T18:57:18+00:00
MemAvailable_GiB=60.44 SwapUsed_GiB=4.66
VM=pswpin=4841814 pswpout=7197713 pgmajfault=49741357
GPU=22678, 27, 181.05, 63
NAME                                        ID              SIZE     PROCESSOR          CONTEXT    UNTIL               
qwen3.8-flash-next:125b-a6b-q8_0-ab-262k    64a2f0455da7    74 GB    73%/27% CPU/GPU    262144     23 minutes from now    

2026-09-26T18:57:48+00:00
MemAvailable_GiB=60.44 SwapUsed_GiB=4.65
VM=pswpin=4845317 pswpout=7200465 pgmajfault=49785304
GPU=22678, 0, 116.35, 59
NAME                                        ID              SIZE     PROCESSOR          CONTEXT    UNTIL               
qwen3.8-flash-next:125b-a6b-q8_0-ab-262k    64a2f0455da7    74 GB    73%/27% CPU/GPU    262144     29 minutes from now    

2026-09-26T18:58:18+00:00
MemAvailable_GiB=60.41 SwapUsed_GiB=4.65
VM=pswpin=4847931 pswpout=7200465 pgmajfault=49786944
GPU=22678, 0, 18.75, 50
NAME                                        ID              SIZE     PROCESSOR          CONTEXT    UNTIL               
qwen3.8-flash-next:125b-a6b-q8_0-ab-262k    64a2f0455da7    74 GB    73%/27% CPU/GPU    262144     29 minutes from now    

2026-09-26T18:58:49+00:00
MemAvailable_GiB=60.42 SwapUsed_GiB=4.65
VM=pswpin=4847939 pswpout=7200465 pgmajfault=49786954
GPU=22678, 0, 18.86, 46
NAME                                        ID              SIZE     PROCESSOR          CONTEXT    UNTIL               
qwen3.8-flash-next:125b-a6b-q8_0-ab-262k    64a2f0455da7    74 GB    73%/27% CPU/GPU    262144     28 minutes from now    

2026-09-26T18:59:19+00:00
MemAvailable_GiB=60.41 SwapUsed_GiB=4.64
VM=pswpin=4849349 pswpout=7200465 pgmajfault=49787914
GPU=22678, 0, 18.10, 42
NAME                                        ID              SIZE     PROCESSOR          CONTEXT    UNTIL               
qwen3.8-flash-next:125b-a6b-q8_0-ab-262k    64a2f0455da7    74 GB    73%/27% CPU/GPU    262144     28 minutes from now    

2026-09-26T18:59:49+00:00
MemAvailable_GiB=60.41 SwapUsed_GiB=4.64
VM=pswpin=4849360 pswpout=7200465 pgmajfault=49787930
GPU=22678, 0, 17.81, 42
NAME                                        ID              SIZE     PROCESSOR          CONTEXT    UNTIL               
qwen3.8-flash-next:125b-a6b-q8_0-ab-262k    64a2f0455da7    74 GB    73%/27% CPU/GPU    262144     27 minutes from now    

2026-09-26T19:00:19+00:00
MemAvailable_GiB=60.41 SwapUsed_GiB=4.64
VM=pswpin=4850099 pswpout=7200465 pgmajfault=49788550
GPU=22678, 0, 17.95, 43
NAME                                        ID              SIZE     PROCESSOR          CONTEXT    UNTIL               
qwen3.8-flash-next:125b-a6b-q8_0-ab-262k    64a2f0455da7    74 GB    73%/27% CPU/GPU    262144     27 minutes from now    

2026-09-26T19:00:49+00:00
MemAvailable_GiB=60.40 SwapUsed_GiB=4.63
VM=pswpin=4850315 pswpout=7200465 pgmajfault=49788760
GPU=22678, 0, 18.09, 43
NAME                                        ID              SIZE     PROCESSOR          CONTEXT    UNTIL               
qwen3.8-flash-next:125b-a6b-q8_0-ab-262k    64a2f0455da7    74 GB    73%/27% CPU/GPU    262144     26 minutes from now    

2026-09-26T19:01:19+00:00
MemAvailable_GiB=60.40 SwapUsed_GiB=4.63
VM=pswpin=4850404 pswpout=7200465 pgmajfault=49788793
GPU=22678, 0, 17.93, 43
NAME                                        ID              SIZE     PROCESSOR          CONTEXT    UNTIL               
qwen3.8-flash-next:125b-a6b-q8_0-ab-262k    64a2f0455da7    74 GB    73%/27% CPU/GPU    262144     26 minutes from now    

2026-09-26T19:01:49+00:00
MemAvailable_GiB=60.40 SwapUsed_GiB=4.63
VM=pswpin=4850404 pswpout=7200465 pgmajfault=49788793
GPU=22678, 0, 18.12, 44
NAME                                        ID              SIZE     PROCESSOR          CONTEXT    UNTIL               
qwen3.8-flash-next:125b-a6b-q8_0-ab-262k    64a2f0455da7    74 GB    73%/27% CPU/GPU    262144     25 minutes from now    

2026-09-26T19:02:19+00:00
MemAvailable_GiB=60.39 SwapUsed_GiB=4.63
VM=pswpin=4850416 pswpout=7200465 pgmajfault=49788802
GPU=22678, 0, 18.13, 43
NAME                                        ID              SIZE     PROCESSOR          CONTEXT    UNTIL               
qwen3.8-flash-next:125b-a6b-q8_0-ab-262k    64a2f0455da7    74 GB    73%/27% CPU/GPU    262144     25 minutes from now    

2026-09-26T19:02:49+00:00
MemAvailable_GiB=60.39 SwapUsed_GiB=4.63
VM=pswpin=4850420 pswpout=7200465 pgmajfault=49788806
GPU=22678, 0, 18.28, 43
NAME                                        ID              SIZE     PROCESSOR          CONTEXT    UNTIL               
qwen3.8-flash-next:125b-a6b-q8_0-ab-262k    64a2f0455da7    74 GB    73%/27% CPU/GPU    262144     24 minutes from now    

2026-09-26T19:03:19+00:00
MemAvailable_GiB=60.40 SwapUsed_GiB=4.63
VM=pswpin=4850441 pswpout=7200465 pgmajfault=49788817
GPU=22678, 0, 18.18, 43
NAME                                        ID              SIZE     PROCESSOR          CONTEXT    UNTIL               
qwen3.8-flash-next:125b-a6b-q8_0-ab-262k    64a2f0455da7    74 GB    73%/27% CPU/GPU    262144     24 minutes from now    

2026-09-26T19:03:49+00:00
MemAvailable_GiB=60.39 SwapUsed_GiB=4.63
VM=pswpin=4850442 pswpout=7200465 pgmajfault=49788818
GPU=22678, 0, 17.92, 43
NAME                                        ID              SIZE     PROCESSOR          CONTEXT    UNTIL               
qwen3.8-flash-next:125b-a6b-q8_0-ab-262k    64a2f0455da7    74 GB    73%/27% CPU/GPU    262144     23 minutes from now    

2026-09-26T19:04:19+00:00
MemAvailable_GiB=60.38 SwapUsed_GiB=4.63
VM=pswpin=4850446 pswpout=7200465 pgmajfault=49788825
GPU=22678, 0, 17.92, 43
NAME                                        ID              SIZE     PROCESSOR          CONTEXT    UNTIL               
qwen3.8-flash-next:125b-a6b-q8_0-ab-262k    64a2f0455da7    74 GB    73%/27% CPU/GPU    262144     23 minutes from now    

2026-09-26T19:04:49+00:00
MemAvailable_GiB=60.39 SwapUsed_GiB=4.63
VM=pswpin=4850446 pswpout=7200465 pgmajfault=49788826
GPU=22678, 0, 18.08, 43
NAME                                        ID              SIZE     PROCESSOR          CONTEXT    UNTIL               
qwen3.8-flash-next:125b-a6b-q8_0-ab-262k    64a2f0455da7    74 GB    73%/27% CPU/GPU    262144     22 minutes from now    

2026-09-26T19:05:19+00:00
MemAvailable_GiB=60.39 SwapUsed_GiB=4.63
VM=pswpin=4850519 pswpout=7200465 pgmajfault=49788890
GPU=22678, 0, 18.06, 43
NAME                                        ID              SIZE     PROCESSOR          CONTEXT    UNTIL               
qwen3.8-flash-next:125b-a6b-q8_0-ab-262k    64a2f0455da7    74 GB    73%/27% CPU/GPU    262144     22 minutes from now    

2026-09-26T19:05:49+00:00
MemAvailable_GiB=60.39 SwapUsed_GiB=4.63
VM=pswpin=4850519 pswpout=7200465 pgmajfault=49788890
GPU=22678, 0, 18.03, 42
NAME                                        ID              SIZE     PROCESSOR          CONTEXT    UNTIL               
qwen3.8-flash-next:125b-a6b-q8_0-ab-262k    64a2f0455da7    74 GB    73%/27% CPU/GPU    262144     21 minutes from now    

2026-09-26T19:06:20+00:00
MemAvailable_GiB=60.37 SwapUsed_GiB=4.63
VM=pswpin=4850597 pswpout=7200465 pgmajfault=49789110
GPU=22678, 0, 18.21, 42
NAME                                        ID              SIZE     PROCESSOR          CONTEXT    UNTIL               
qwen3.8-flash-next:125b-a6b-q8_0-ab-262k    64a2f0455da7    74 GB    73%/27% CPU/GPU    262144     21 minutes from now    

2026-09-26T19:06:50+00:00
MemAvailable_GiB=60.38 SwapUsed_GiB=4.63
VM=pswpin=4850600 pswpout=7200465 pgmajfault=49789113
GPU=22678, 0, 18.10, 42
NAME                                        ID              SIZE     PROCESSOR          CONTEXT    UNTIL               
qwen3.8-flash-next:125b-a6b-q8_0-ab-262k    64a2f0455da7    74 GB    73%/27% CPU/GPU    262144     20 minutes from now    

2026-09-26T19:07:20+00:00
MemAvailable_GiB=60.39 SwapUsed_GiB=4.63
VM=pswpin=4850602 pswpout=7200465 pgmajfault=49789116
GPU=22678, 0, 18.06, 42
NAME                                        ID              SIZE     PROCESSOR          CONTEXT    UNTIL               
qwen3.8-flash-next:125b-a6b-q8_0-ab-262k    64a2f0455da7    74 GB    73%/27% CPU/GPU    262144     20 minutes from now    

2026-09-26T19:07:50+00:00
MemAvailable_GiB=60.38 SwapUsed_GiB=4.63
VM=pswpin=4850604 pswpout=7200465 pgmajfault=49789119
GPU=22678, 0, 18.11, 42
NAME                                        ID              SIZE     PROCESSOR          CONTEXT    UNTIL               
qwen3.8-flash-next:125b-a6b-q8_0-ab-262k    64a2f0455da7    74 GB    73%/27% CPU/GPU    262144     19 minutes from now    

2026-09-26T19:08:20+00:00
MemAvailable_GiB=60.38 SwapUsed_GiB=4.63
VM=pswpin=4850610 pswpout=7200465 pgmajfault=49789122
GPU=22678, 0, 18.26, 41
NAME                                        ID              SIZE     PROCESSOR          CONTEXT    UNTIL               
qwen3.8-flash-next:125b-a6b-q8_0-ab-262k    64a2f0455da7    74 GB    73%/27% CPU/GPU    262144     19 minutes from now    

2026-09-26T19:08:50+00:00
MemAvailable_GiB=60.38 SwapUsed_GiB=4.63
VM=pswpin=4850610 pswpout=7200465 pgmajfault=49789123
GPU=22678, 0, 18.01, 41
NAME                                        ID              SIZE     PROCESSOR          CONTEXT    UNTIL               
qwen3.8-flash-next:125b-a6b-q8_0-ab-262k    64a2f0455da7    74 GB    73%/27% CPU/GPU    262144     18 minutes from now    

2026-09-26T19:09:20+00:00
MemAvailable_GiB=60.37 SwapUsed_GiB=4.63
VM=pswpin=4850619 pswpout=7200465 pgmajfault=49789125
GPU=22678, 0, 18.03, 41
NAME                                        ID              SIZE     PROCESSOR          CONTEXT    UNTIL               
qwen3.8-flash-next:125b-a6b-q8_0-ab-262k    64a2f0455da7    74 GB    73%/27% CPU/GPU    262144     18 minutes from now    

2026-09-26T19:09:50+00:00
MemAvailable_GiB=60.37 SwapUsed_GiB=4.63
VM=pswpin=4850619 pswpout=7200465 pgmajfault=49789126
GPU=22678, 0, 17.92, 41
NAME                                        ID              SIZE     PROCESSOR          CONTEXT    UNTIL               
qwen3.8-flash-next:125b-a6b-q8_0-ab-262k    64a2f0455da7    74 GB    73%/27% CPU/GPU    262144     17 minutes from now    

2026-09-26T19:10:20+00:00
MemAvailable_GiB=60.38 SwapUsed_GiB=4.63
VM=pswpin=4850622 pswpout=7200465 pgmajfault=49789131
GPU=22678, 0, 17.90, 41
NAME                                        ID              SIZE     PROCESSOR          CONTEXT    UNTIL               
qwen3.8-flash-next:125b-a6b-q8_0-ab-262k    64a2f0455da7    74 GB    73%/27% CPU/GPU    262144     17 minutes from now    

2026-09-26T19:10:50+00:00
MemAvailable_GiB=60.38 SwapUsed_GiB=4.63
VM=pswpin=4850731 pswpout=7200465 pgmajfault=49789242
GPU=22678, 0, 17.85, 41
NAME                                        ID              SIZE     PROCESSOR          CONTEXT    UNTIL               
qwen3.8-flash-next:125b-a6b-q8_0-ab-262k    64a2f0455da7    74 GB    73%/27% CPU/GPU    262144     16 minutes from now    

2026-09-26T19:11:20+00:00
MemAvailable_GiB=60.39 SwapUsed_GiB=4.63
VM=pswpin=4850732 pswpout=7200465 pgmajfault=49789243
GPU=22678, 0, 17.82, 41
NAME                                        ID              SIZE     PROCESSOR          CONTEXT    UNTIL               
qwen3.8-flash-next:125b-a6b-q8_0-ab-262k    64a2f0455da7    74 GB    73%/27% CPU/GPU    262144     16 minutes from now    

2026-09-26T19:11:50+00:00
MemAvailable_GiB=60.38 SwapUsed_GiB=4.63
VM=pswpin=4850732 pswpout=7200465 pgmajfault=49789243
GPU=22678, 0, 18.19, 40
NAME                                        ID              SIZE     PROCESSOR          CONTEXT    UNTIL               
qwen3.8-flash-next:125b-a6b-q8_0-ab-262k    64a2f0455da7    74 GB    73%/27% CPU/GPU    262144     15 minutes from now    

2026-09-26T19:12:20+00:00
MemAvailable_GiB=60.39 SwapUsed_GiB=4.63
VM=pswpin=4850732 pswpout=7200465 pgmajfault=49789243
GPU=22678, 0, 18.07, 40
NAME                                        ID              SIZE     PROCESSOR          CONTEXT    UNTIL               
qwen3.8-flash-next:125b-a6b-q8_0-ab-262k    64a2f0455da7    74 GB    73%/27% CPU/GPU    262144     15 minutes from now    

2026-09-26T19:12:50+00:00
MemAvailable_GiB=60.38 SwapUsed_GiB=4.63
VM=pswpin=4850733 pswpout=7200465 pgmajfault=49789244
GPU=22678, 0, 18.01, 40
NAME                                        ID              SIZE     PROCESSOR          CONTEXT    UNTIL               
qwen3.8-flash-next:125b-a6b-q8_0-ab-262k    64a2f0455da7    74 GB    73%/27% CPU/GPU    262144     14 minutes from now    

2026-09-26T19:13:20+00:00
MemAvailable_GiB=60.37 SwapUsed_GiB=4.63
VM=pswpin=4850739 pswpout=7200465 pgmajfault=49789249
GPU=22678, 0, 17.86, 40
NAME                                        ID              SIZE     PROCESSOR          CONTEXT    UNTIL               
qwen3.8-flash-next:125b-a6b-q8_0-ab-262k    64a2f0455da7    74 GB    73%/27% CPU/GPU    262144     14 minutes from now    

2026-09-26T19:13:50+00:00
MemAvailable_GiB=60.38 SwapUsed_GiB=4.63
VM=pswpin=4850739 pswpout=7200465 pgmajfault=49789251
GPU=22678, 0, 17.94, 40
NAME                                        ID              SIZE     PROCESSOR          CONTEXT    UNTIL               
qwen3.8-flash-next:125b-a6b-q8_0-ab-262k    64a2f0455da7    74 GB    73%/27% CPU/GPU    262144     13 minutes from now    

2026-09-26T19:14:21+00:00
MemAvailable_GiB=60.38 SwapUsed_GiB=4.63
VM=pswpin=4850740 pswpout=7200465 pgmajfault=49789252
GPU=22678, 0, 18.10, 40
NAME                                        ID              SIZE     PROCESSOR          CONTEXT    UNTIL               
qwen3.8-flash-next:125b-a6b-q8_0-ab-262k    64a2f0455da7    74 GB    73%/27% CPU/GPU    262144     13 minutes from now    

2026-09-26T19:14:51+00:00
MemAvailable_GiB=60.37 SwapUsed_GiB=4.63
VM=pswpin=4850740 pswpout=7200465 pgmajfault=49789256
GPU=22678, 0, 17.96, 40
NAME                                        ID              SIZE     PROCESSOR          CONTEXT    UNTIL               
qwen3.8-flash-next:125b-a6b-q8_0-ab-262k    64a2f0455da7    74 GB    73%/27% CPU/GPU    262144     12 minutes from now    

2026-09-26T19:15:21+00:00
MemAvailable_GiB=60.38 SwapUsed_GiB=4.63
VM=pswpin=4850742 pswpout=7200465 pgmajfault=49789259
GPU=22678, 0, 18.06, 40
NAME                                        ID              SIZE     PROCESSOR          CONTEXT    UNTIL               
qwen3.8-flash-next:125b-a6b-q8_0-ab-262k    64a2f0455da7    74 GB    73%/27% CPU/GPU    262144     12 minutes from now    

2026-09-26T19:15:51+00:00
MemAvailable_GiB=60.38 SwapUsed_GiB=4.63
VM=pswpin=4850745 pswpout=7200465 pgmajfault=49789261
GPU=22678, 0, 17.93, 40
NAME                                        ID              SIZE     PROCESSOR          CONTEXT    UNTIL               
qwen3.8-flash-next:125b-a6b-q8_0-ab-262k    64a2f0455da7    74 GB    73%/27% CPU/GPU    262144     11 minutes from now    

2026-09-26T19:16:21+00:00
MemAvailable_GiB=60.39 SwapUsed_GiB=4.63
VM=pswpin=4850745 pswpout=7200465 pgmajfault=49789261
GPU=22678, 0, 17.99, 40
NAME                                        ID              SIZE     PROCESSOR          CONTEXT    UNTIL               
qwen3.8-flash-next:125b-a6b-q8_0-ab-262k    64a2f0455da7    74 GB    73%/27% CPU/GPU    262144     11 minutes from now    

2026-09-26T19:16:51+00:00
MemAvailable_GiB=60.38 SwapUsed_GiB=4.63
VM=pswpin=4850746 pswpout=7200465 pgmajfault=49789262
GPU=22678, 0, 17.89, 39
NAME                                        ID              SIZE     PROCESSOR          CONTEXT    UNTIL               
qwen3.8-flash-next:125b-a6b-q8_0-ab-262k    64a2f0455da7    74 GB    73%/27% CPU/GPU    262144     10 minutes from now    

2026-09-26T19:17:21+00:00
MemAvailable_GiB=60.38 SwapUsed_GiB=4.63
VM=pswpin=4850763 pswpout=7200465 pgmajfault=49789270
GPU=22678, 0, 18.05, 39
NAME                                        ID              SIZE     PROCESSOR          CONTEXT    UNTIL               
qwen3.8-flash-next:125b-a6b-q8_0-ab-262k    64a2f0455da7    74 GB    73%/27% CPU/GPU    262144     10 minutes from now    

2026-09-26T19:17:51+00:00
MemAvailable_GiB=60.37 SwapUsed_GiB=4.63
VM=pswpin=4850763 pswpout=7200465 pgmajfault=49789270
GPU=22678, 0, 17.82, 39
NAME                                        ID              SIZE     PROCESSOR          CONTEXT    UNTIL              
qwen3.8-flash-next:125b-a6b-q8_0-ab-262k    64a2f0455da7    74 GB    73%/27% CPU/GPU    262144     9 minutes from now    

2026-09-26T19:18:21+00:00
MemAvailable_GiB=60.38 SwapUsed_GiB=4.63
VM=pswpin=4850763 pswpout=7200465 pgmajfault=49789270
GPU=22678, 0, 18.04, 39
NAME                                        ID              SIZE     PROCESSOR          CONTEXT    UNTIL              
qwen3.8-flash-next:125b-a6b-q8_0-ab-262k    64a2f0455da7    74 GB    73%/27% CPU/GPU    262144     9 minutes from now    

2026-09-26T19:18:51+00:00
MemAvailable_GiB=60.38 SwapUsed_GiB=4.63
VM=pswpin=4850763 pswpout=7200465 pgmajfault=49789270
GPU=22678, 0, 18.04, 39
NAME                                        ID              SIZE     PROCESSOR          CONTEXT    UNTIL              
qwen3.8-flash-next:125b-a6b-q8_0-ab-262k    64a2f0455da7    74 GB    73%/27% CPU/GPU    262144     8 minutes from now    

2026-09-26T19:19:21+00:00
MemAvailable_GiB=60.38 SwapUsed_GiB=4.63
VM=pswpin=4850767 pswpout=7200465 pgmajfault=49789274
GPU=22678, 0, 18.12, 39
NAME                                        ID              SIZE     PROCESSOR          CONTEXT    UNTIL              
qwen3.8-flash-next:125b-a6b-q8_0-ab-262k    64a2f0455da7    74 GB    73%/27% CPU/GPU    262144     8 minutes from now    

2026-09-26T19:19:51+00:00
MemAvailable_GiB=60.37 SwapUsed_GiB=4.63
VM=pswpin=4850767 pswpout=7200465 pgmajfault=49789274
GPU=22678, 0, 18.25, 39
NAME                                        ID              SIZE     PROCESSOR          CONTEXT    UNTIL              
qwen3.8-flash-next:125b-a6b-q8_0-ab-262k    64a2f0455da7    74 GB    73%/27% CPU/GPU    262144     7 minutes from now    

2026-09-26T19:20:21+00:00
MemAvailable_GiB=60.37 SwapUsed_GiB=4.63
VM=pswpin=4850767 pswpout=7200465 pgmajfault=49789274
GPU=22678, 0, 17.84, 39
NAME                                        ID              SIZE     PROCESSOR          CONTEXT    UNTIL              
qwen3.8-flash-next:125b-a6b-q8_0-ab-262k    64a2f0455da7    74 GB    73%/27% CPU/GPU    262144     7 minutes from now    

2026-09-26T19:20:51+00:00
MemAvailable_GiB=60.38 SwapUsed_GiB=4.63
VM=pswpin=4850767 pswpout=7200465 pgmajfault=49789274
GPU=22678, 0, 17.87, 39
NAME                                        ID              SIZE     PROCESSOR          CONTEXT    UNTIL              
qwen3.8-flash-next:125b-a6b-q8_0-ab-262k    64a2f0455da7    74 GB    73%/27% CPU/GPU    262144     6 minutes from now    

2026-09-26T19:21:21+00:00
MemAvailable_GiB=60.38 SwapUsed_GiB=4.63
VM=pswpin=4850767 pswpout=7200465 pgmajfault=49789274
GPU=22678, 0, 18.26, 39
NAME                                        ID              SIZE     PROCESSOR          CONTEXT    UNTIL              
qwen3.8-flash-next:125b-a6b-q8_0-ab-262k    64a2f0455da7    74 GB    73%/27% CPU/GPU    262144     6 minutes from now    

